T_hours,T_mins,Time,Blank,MYb120_1,MYb120_2,MYb120_3,MYb120_4,MYb120_5,MYb120_6,MYb27_1,MYb27_2,MYb27_3,MYb27_4,MYb27_5,MYb27_6,MYb181_1,MYb181_2,MYb181_3,MYb181_4,MYb181_5,MYb181_6,MYb45_1,MYb45_2,MYb45_3,MYb45_4,MYb45_5,MYb45_6,MYb53_1,MYb53_2,MYb53_3,MYb53_4,MYb53_5,MYb53_6,MYb71_1,MYb71_2,MYb71_3,MYb71_4,MYb71_5,MYb71_6,MYb238_1,MYb238_2,MYb238_3,MYb238_4,MYb238_5,MYb238_6,MYb56_1,MYb56_2,MYb56_3,MYb56_4,MYb56_5,MYb56_6
0.16667,10,0:09:20,0.094,0.103,0.104,0.107,0.112,0.103,0.106,0.104,0.104,0.102,0.11,0.103,0.106,0.114,0.109,0.108,0.108,0.105,0.111,0.104,0.112,0.105,0.107,0.112,0.111,0.107,0.11,0.11,0.112,0.111,0.107,0.111,0.108,0.11,0.114,0.111,0.109,0.113,0.12,0.111,0.11,0.108,0.107,0.112,0.117,0.113,0.114,0.109,0.115
0.33333,20,0:19:20,0.094,0.103,0.103,0.107,0.111,0.102,0.106,0.104,0.103,0.102,0.109,0.103,0.106,0.113,0.109,0.108,0.108,0.104,0.111,0.104,0.111,0.105,0.107,0.112,0.111,0.107,0.109,0.11,0.112,0.111,0.107,0.11,0.108,0.11,0.114,0.111,0.109,0.113,0.12,0.111,0.11,0.108,0.106,0.112,0.117,0.113,0.114,0.109,0.115
0.5,30,0:29:20,0.094,0.103,0.103,0.107,0.111,0.102,0.106,0.103,0.103,0.102,0.109,0.103,0.106,0.113,0.109,0.108,0.108,0.104,0.111,0.104,0.111,0.105,0.107,0.112,0.111,0.107,0.109,0.11,0.112,0.111,0.107,0.11,0.108,0.11,0.114,0.111,0.109,0.113,0.12,0.11,0.11,0.108,0.107,0.112,0.117,0.113,0.114,0.109,0.115
0.66667,40,0:39:20,0.094,0.102,0.103,0.107,0.111,0.102,0.105,0.103,0.103,0.102,0.109,0.103,0.106,0.112,0.109,0.108,0.108,0.104,0.111,0.104,0.111,0.105,0.106,0.112,0.11,0.106,0.109,0.11,0.112,0.11,0.107,0.11,0.107,0.11,0.113,0.11,0.108,0.113,0.119,0.11,0.11,0.107,0.106,0.112,0.116,0.113,0.113,0.11,0.114
0.83333,50,0:49:20,0.094,0.103,0.103,0.107,0.111,0.102,0.105,0.103,0.103,0.102,0.109,0.103,0.106,0.112,0.109,0.108,0.108,0.104,0.111,0.104,0.111,0.105,0.107,0.112,0.11,0.106,0.109,0.11,0.112,0.111,0.107,0.11,0.108,0.11,0.113,0.11,0.109,0.112,0.119,0.11,0.11,0.107,0.107,0.112,0.116,0.113,0.113,0.109,0.114
1,60,0:59:20,0.094,0.102,0.103,0.106,0.111,0.102,0.105,0.103,0.103,0.102,0.108,0.102,0.106,0.112,0.108,0.108,0.107,0.104,0.11,0.103,0.111,0.104,0.106,0.112,0.112,0.106,0.109,0.11,0.112,0.11,0.106,0.109,0.107,0.109,0.113,0.11,0.108,0.112,0.119,0.11,0.11,0.107,0.106,0.112,0.116,0.113,0.113,0.109,0.114
1.16667,70,1:09:20,0.094,0.102,0.103,0.106,0.111,0.102,0.105,0.103,0.102,0.102,0.108,0.103,0.106,0.112,0.108,0.108,0.108,0.104,0.11,0.104,0.111,0.105,0.106,0.112,0.11,0.106,0.109,0.11,0.112,0.11,0.106,0.109,0.107,0.11,0.113,0.11,0.108,0.112,0.119,0.11,0.11,0.107,0.106,0.112,0.116,0.114,0.113,0.109,0.114
1.33333,80,1:19:20,0.094,0.102,0.103,0.106,0.111,0.101,0.105,0.103,0.102,0.102,0.108,0.103,0.106,0.111,0.108,0.108,0.107,0.103,0.11,0.103,0.111,0.104,0.106,0.111,0.11,0.106,0.109,0.11,0.112,0.11,0.106,0.109,0.107,0.109,0.112,0.109,0.108,0.111,0.118,0.109,0.109,0.107,0.106,0.112,0.116,0.113,0.112,0.108,0.113
1.5,90,1:29:20,0.094,0.102,0.103,0.106,0.11,0.102,0.104,0.103,0.102,0.102,0.108,0.103,0.106,0.112,0.108,0.108,0.107,0.104,0.11,0.104,0.11,0.104,0.106,0.111,0.11,0.106,0.109,0.11,0.111,0.11,0.106,0.109,0.107,0.109,0.113,0.11,0.108,0.112,0.118,0.11,0.109,0.107,0.106,0.112,0.116,0.113,0.113,0.109,0.113
1.66667,100,1:39:20,0.094,0.102,0.103,0.106,0.11,0.101,0.104,0.102,0.102,0.102,0.107,0.102,0.106,0.111,0.108,0.107,0.107,0.103,0.11,0.104,0.11,0.104,0.106,0.111,0.109,0.106,0.109,0.109,0.111,0.11,0.106,0.109,0.107,0.109,0.112,0.109,0.108,0.111,0.118,0.109,0.109,0.107,0.106,0.112,0.115,0.113,0.112,0.109,0.113
1.83333,110,1:49:20,0.094,0.102,0.103,0.106,0.11,0.102,0.104,0.103,0.102,0.102,0.107,0.103,0.106,0.111,0.108,0.108,0.107,0.103,0.11,0.104,0.11,0.104,0.106,0.111,0.109,0.106,0.109,0.11,0.111,0.11,0.106,0.109,0.107,0.109,0.112,0.109,0.108,0.111,0.118,0.109,0.109,0.106,0.106,0.112,0.115,0.113,0.112,0.108,0.113
2,120,1:59:20,0.094,0.102,0.103,0.106,0.11,0.101,0.104,0.103,0.102,0.102,0.107,0.103,0.106,0.111,0.108,0.108,0.107,0.103,0.11,0.104,0.11,0.104,0.106,0.111,0.109,0.106,0.109,0.11,0.111,0.11,0.106,0.109,0.107,0.109,0.112,0.109,0.108,0.112,0.118,0.109,0.109,0.106,0.106,0.112,0.115,0.116,0.112,0.108,0.113
2.16667,130,2:09:20,0.094,0.102,0.103,0.106,0.11,0.101,0.104,0.103,0.102,0.102,0.107,0.102,0.105,0.111,0.108,0.107,0.107,0.103,0.11,0.103,0.11,0.104,0.106,0.111,0.109,0.106,0.109,0.109,0.111,0.11,0.106,0.109,0.107,0.109,0.112,0.109,0.108,0.111,0.117,0.109,0.109,0.106,0.106,0.112,0.115,0.117,0.112,0.108,0.113
2.33333,140,2:19:20,0.094,0.102,0.103,0.106,0.11,0.101,0.104,0.102,0.102,0.102,0.107,0.102,0.105,0.111,0.107,0.107,0.107,0.103,0.11,0.103,0.11,0.104,0.106,0.111,0.109,0.106,0.108,0.109,0.111,0.11,0.106,0.109,0.107,0.109,0.112,0.109,0.108,0.111,0.117,0.109,0.109,0.107,0.106,0.112,0.115,0.117,0.112,0.108,0.113
2.5,150,2:29:20,0.094,0.102,0.103,0.106,0.11,0.101,0.104,0.102,0.102,0.102,0.107,0.102,0.105,0.11,0.108,0.107,0.107,0.103,0.11,0.103,0.11,0.104,0.106,0.111,0.109,0.106,0.108,0.109,0.111,0.11,0.106,0.109,0.107,0.109,0.112,0.109,0.108,0.111,0.117,0.109,0.109,0.106,0.106,0.112,0.114,0.117,0.112,0.108,0.113
2.66667,160,2:39:20,0.094,0.102,0.103,0.106,0.11,0.101,0.104,0.102,0.102,0.102,0.107,0.102,0.105,0.111,0.108,0.107,0.107,0.103,0.11,0.103,0.11,0.104,0.106,0.111,0.109,0.106,0.108,0.109,0.111,0.11,0.105,0.109,0.107,0.109,0.112,0.109,0.108,0.111,0.117,0.109,0.109,0.106,0.106,0.112,0.114,0.117,0.112,0.108,0.112
2.83333,170,2:49:20,0.094,0.102,0.103,0.106,0.11,0.101,0.104,0.103,0.102,0.102,0.107,0.102,0.105,0.11,0.108,0.108,0.107,0.104,0.11,0.103,0.11,0.104,0.106,0.111,0.109,0.106,0.108,0.109,0.111,0.11,0.106,0.109,0.107,0.109,0.112,0.109,0.108,0.111,0.117,0.109,0.109,0.106,0.106,0.112,0.114,0.117,0.111,0.108,0.112
3,180,2:59:20,0.094,0.102,0.103,0.106,0.11,0.1,0.103,0.102,0.102,0.102,0.107,0.102,0.105,0.11,0.107,0.107,0.107,0.103,0.11,0.103,0.11,0.104,0.105,0.111,0.109,0.106,0.108,0.109,0.111,0.109,0.105,0.109,0.107,0.109,0.112,0.109,0.108,0.111,0.117,0.109,0.109,0.106,0.106,0.112,0.114,0.117,0.111,0.108,0.112
3.16667,190,3:09:20,0.094,0.102,0.103,0.106,0.11,0.1,0.103,0.103,0.102,0.102,0.107,0.102,0.105,0.11,0.107,0.107,0.107,0.103,0.11,0.103,0.11,0.104,0.106,0.111,0.109,0.106,0.108,0.109,0.111,0.109,0.106,0.108,0.107,0.109,0.112,0.109,0.108,0.111,0.117,0.109,0.109,0.106,0.106,0.112,0.114,0.117,0.111,0.108,0.112
3.33333,200,3:19:20,0.093,0.102,0.103,0.106,0.109,0.1,0.103,0.102,0.102,0.102,0.106,0.102,0.105,0.11,0.107,0.107,0.106,0.103,0.11,0.102,0.11,0.104,0.105,0.11,0.109,0.106,0.108,0.109,0.111,0.109,0.106,0.108,0.107,0.109,0.112,0.108,0.107,0.111,0.116,0.109,0.108,0.106,0.106,0.112,0.114,0.117,0.111,0.108,0.112
3.5,210,3:29:20,0.093,0.101,0.103,0.105,0.109,0.1,0.103,0.102,0.102,0.102,0.106,0.102,0.105,0.11,0.107,0.107,0.106,0.103,0.11,0.102,0.109,0.104,0.105,0.11,0.108,0.106,0.108,0.109,0.111,0.109,0.105,0.108,0.107,0.109,0.111,0.108,0.107,0.11,0.116,0.109,0.108,0.106,0.106,0.112,0.114,0.117,0.111,0.108,0.112
3.66667,220,3:39:20,0.093,0.101,0.103,0.106,0.109,0.1,0.103,0.102,0.102,0.102,0.106,0.102,0.105,0.11,0.107,0.107,0.107,0.103,0.11,0.103,0.11,0.104,0.105,0.11,0.109,0.106,0.108,0.109,0.111,0.109,0.105,0.108,0.107,0.109,0.111,0.109,0.107,0.111,0.116,0.109,0.108,0.106,0.106,0.111,0.114,0.117,0.111,0.108,0.112
3.83333,230,3:49:20,0.094,0.101,0.103,0.106,0.109,0.1,0.103,0.102,0.102,0.102,0.106,0.102,0.105,0.11,0.107,0.107,0.107,0.103,0.109,0.103,0.11,0.104,0.106,0.11,0.109,0.106,0.108,0.109,0.111,0.109,0.105,0.108,0.107,0.109,0.112,0.109,0.107,0.111,0.116,0.109,0.108,0.106,0.106,0.112,0.114,0.117,0.111,0.108,0.112
4,240,3:59:20,0.094,0.101,0.103,0.106,0.109,0.1,0.103,0.102,0.102,0.102,0.106,0.102,0.105,0.11,0.107,0.107,0.106,0.103,0.11,0.102,0.11,0.104,0.105,0.11,0.108,0.106,0.108,0.109,0.111,0.109,0.105,0.108,0.107,0.109,0.112,0.108,0.107,0.11,0.116,0.109,0.108,0.106,0.106,0.112,0.114,0.117,0.111,0.108,0.112
4.16667,250,4:09:20,0.093,0.101,0.103,0.105,0.108,0.1,0.103,0.102,0.101,0.102,0.106,0.102,0.105,0.109,0.107,0.107,0.106,0.103,0.109,0.102,0.109,0.103,0.105,0.11,0.108,0.106,0.108,0.109,0.11,0.109,0.105,0.108,0.106,0.108,0.111,0.108,0.107,0.11,0.116,0.109,0.108,0.106,0.106,0.111,0.114,0.116,0.111,0.108,0.112
4.33333,260,4:19:20,0.093,0.101,0.103,0.105,0.109,0.1,0.103,0.102,0.102,0.102,0.106,0.102,0.105,0.109,0.106,0.107,0.106,0.103,0.109,0.103,0.109,0.103,0.105,0.11,0.108,0.106,0.108,0.109,0.111,0.109,0.105,0.108,0.106,0.109,0.111,0.109,0.107,0.11,0.116,0.108,0.108,0.106,0.106,0.112,0.114,0.116,0.111,0.108,0.112
4.5,270,4:29:20,0.093,0.101,0.103,0.105,0.109,0.1,0.103,0.102,0.102,0.102,0.106,0.102,0.105,0.109,0.107,0.107,0.106,0.103,0.109,0.103,0.109,0.103,0.105,0.11,0.108,0.106,0.108,0.109,0.111,0.109,0.105,0.108,0.106,0.108,0.111,0.108,0.107,0.11,0.116,0.109,0.108,0.106,0.106,0.112,0.114,0.116,0.111,0.108,0.112
4.66667,280,4:39:20,0.093,0.101,0.102,0.105,0.108,0.1,0.103,0.102,0.101,0.102,0.106,0.102,0.105,0.109,0.106,0.107,0.106,0.103,0.109,0.103,0.109,0.103,0.105,0.11,0.108,0.106,0.108,0.108,0.11,0.109,0.105,0.107,0.106,0.108,0.111,0.108,0.107,0.11,0.115,0.108,0.108,0.106,0.106,0.111,0.114,0.116,0.111,0.107,0.112
4.83333,290,4:49:20,0.093,0.101,0.102,0.105,0.109,0.1,0.103,0.102,0.102,0.102,0.106,0.102,0.105,0.109,0.106,0.107,0.106,0.103,0.109,0.102,0.109,0.103,0.105,0.11,0.108,0.106,0.108,0.109,0.111,0.109,0.105,0.108,0.106,0.108,0.111,0.108,0.107,0.11,0.116,0.108,0.108,0.106,0.106,0.112,0.114,0.117,0.111,0.108,0.112
5,300,4:59:20,0.093,0.101,0.102,0.105,0.109,0.1,0.103,0.102,0.102,0.102,0.106,0.102,0.105,0.109,0.106,0.107,0.106,0.103,0.109,0.102,0.109,0.103,0.105,0.11,0.108,0.106,0.108,0.109,0.111,0.109,0.106,0.108,0.106,0.108,0.111,0.108,0.107,0.11,0.116,0.108,0.108,0.106,0.106,0.111,0.115,0.117,0.111,0.108,0.112
5.16667,310,5:09:20,0.093,0.101,0.102,0.105,0.108,0.1,0.103,0.102,0.102,0.102,0.106,0.102,0.105,0.109,0.106,0.106,0.106,0.103,0.109,0.102,0.109,0.103,0.105,0.11,0.108,0.106,0.108,0.108,0.11,0.109,0.105,0.108,0.106,0.108,0.111,0.108,0.107,0.11,0.115,0.108,0.108,0.106,0.106,0.112,0.114,0.117,0.111,0.108,0.113
5.33333,320,5:19:20,0.093,0.101,0.102,0.105,0.108,0.099,0.102,0.102,0.101,0.102,0.106,0.102,0.105,0.109,0.106,0.107,0.106,0.103,0.109,0.102,0.109,0.103,0.105,0.11,0.108,0.106,0.108,0.108,0.11,0.109,0.106,0.108,0.106,0.108,0.111,0.108,0.107,0.11,0.115,0.108,0.107,0.106,0.106,0.112,0.115,0.117,0.112,0.108,0.113
5.5,330,5:29:20,0.093,0.101,0.102,0.105,0.108,0.099,0.102,0.102,0.101,0.102,0.106,0.102,0.105,0.109,0.106,0.106,0.106,0.103,0.109,0.102,0.109,0.103,0.105,0.11,0.108,0.106,0.108,0.108,0.11,0.109,0.106,0.108,0.106,0.108,0.111,0.108,0.107,0.11,0.115,0.108,0.108,0.106,0.106,0.112,0.115,0.117,0.112,0.108,0.113
5.66667,340,5:39:20,0.093,0.101,0.102,0.105,0.109,0.099,0.102,0.102,0.102,0.102,0.106,0.102,0.105,0.109,0.106,0.107,0.106,0.103,0.109,0.102,0.109,0.103,0.105,0.11,0.109,0.106,0.108,0.109,0.111,0.109,0.106,0.108,0.106,0.108,0.111,0.108,0.107,0.11,0.115,0.108,0.108,0.106,0.106,0.112,0.116,0.117,0.112,0.108,0.113
5.83333,350,5:49:20,0.093,0.1,0.102,0.105,0.108,0.099,0.102,0.102,0.101,0.102,0.105,0.101,0.105,0.109,0.106,0.106,0.106,0.103,0.109,0.102,0.109,0.103,0.105,0.109,0.108,0.106,0.108,0.108,0.11,0.109,0.105,0.108,0.106,0.108,0.111,0.108,0.107,0.11,0.115,0.108,0.108,0.106,0.106,0.112,0.116,0.117,0.112,0.109,0.113
6,360,5:59:20,0.093,0.1,0.102,0.105,0.109,0.099,0.102,0.102,0.101,0.102,0.105,0.101,0.105,0.108,0.106,0.107,0.106,0.103,0.109,0.102,0.109,0.103,0.105,0.11,0.108,0.107,0.108,0.108,0.11,0.109,0.106,0.108,0.106,0.108,0.111,0.108,0.107,0.109,0.115,0.108,0.108,0.106,0.106,0.113,0.117,0.118,0.113,0.109,0.113
6.16667,370,6:09:20,0.093,0.1,0.102,0.105,0.108,0.099,0.102,0.102,0.101,0.102,0.105,0.101,0.105,0.108,0.106,0.106,0.105,0.103,0.109,0.102,0.108,0.103,0.104,0.109,0.108,0.107,0.108,0.108,0.11,0.109,0.106,0.107,0.106,0.108,0.111,0.108,0.107,0.11,0.115,0.108,0.108,0.106,0.106,0.113,0.117,0.118,0.114,0.109,0.114
6.33333,380,6:19:20,0.093,0.1,0.102,0.105,0.108,0.099,0.102,0.102,0.101,0.102,0.105,0.101,0.105,0.108,0.106,0.106,0.106,0.103,0.109,0.102,0.108,0.103,0.104,0.109,0.108,0.107,0.108,0.108,0.11,0.109,0.106,0.107,0.105,0.108,0.111,0.108,0.107,0.109,0.115,0.108,0.108,0.106,0.106,0.114,0.119,0.118,0.114,0.111,0.114
6.5,390,6:29:20,0.093,0.1,0.102,0.105,0.108,0.099,0.102,0.102,0.101,0.102,0.105,0.101,0.105,0.108,0.105,0.106,0.105,0.103,0.109,0.102,0.108,0.102,0.104,0.109,0.108,0.107,0.108,0.108,0.11,0.109,0.106,0.107,0.105,0.108,0.111,0.108,0.107,0.109,0.114,0.108,0.107,0.106,0.105,0.115,0.12,0.119,0.115,0.111,0.115
6.66667,400,6:39:20,0.093,0.1,0.102,0.105,0.108,0.099,0.102,0.102,0.102,0.102,0.105,0.101,0.105,0.108,0.106,0.106,0.106,0.103,0.109,0.102,0.108,0.102,0.104,0.109,0.108,0.107,0.108,0.108,0.11,0.109,0.106,0.107,0.105,0.108,0.111,0.108,0.107,0.109,0.114,0.108,0.108,0.106,0.106,0.116,0.121,0.12,0.117,0.112,0.115
6.83333,410,6:49:20,0.093,0.1,0.102,0.105,0.108,0.099,0.102,0.102,0.101,0.103,0.106,0.101,0.105,0.108,0.105,0.106,0.105,0.103,0.109,0.102,0.108,0.102,0.104,0.109,0.108,0.107,0.108,0.108,0.11,0.109,0.106,0.108,0.105,0.108,0.111,0.108,0.107,0.109,0.114,0.108,0.107,0.106,0.106,0.117,0.123,0.122,0.118,0.114,0.116
7,420,6:59:20,0.093,0.1,0.102,0.105,0.108,0.099,0.102,0.102,0.101,0.103,0.105,0.102,0.106,0.108,0.105,0.106,0.105,0.103,0.109,0.102,0.108,0.102,0.104,0.109,0.108,0.107,0.108,0.108,0.11,0.109,0.106,0.107,0.105,0.108,0.111,0.108,0.107,0.109,0.114,0.108,0.107,0.106,0.106,0.119,0.126,0.123,0.122,0.115,0.119
7.16667,430,7:09:20,0.093,0.1,0.102,0.105,0.108,0.099,0.102,0.102,0.102,0.103,0.105,0.102,0.106,0.108,0.105,0.106,0.105,0.103,0.109,0.102,0.108,0.102,0.104,0.109,0.108,0.107,0.108,0.108,0.11,0.11,0.106,0.107,0.105,0.108,0.111,0.108,0.107,0.109,0.114,0.108,0.108,0.106,0.106,0.122,0.128,0.124,0.125,0.125,0.118
7.33333,440,7:19:20,0.093,0.1,0.102,0.105,0.108,0.099,0.102,0.102,0.102,0.103,0.106,0.102,0.106,0.108,0.105,0.106,0.105,0.103,0.109,0.102,0.108,0.102,0.104,0.109,0.108,0.107,0.108,0.108,0.11,0.11,0.106,0.107,0.105,0.108,0.111,0.108,0.107,0.109,0.114,0.108,0.107,0.106,0.105,0.124,0.131,0.126,0.128,0.119,0.128
7.5,450,7:29:20,0.093,0.1,0.102,0.105,0.108,0.099,0.102,0.102,0.102,0.103,0.106,0.102,0.106,0.108,0.105,0.106,0.105,0.103,0.109,0.102,0.108,0.102,0.104,0.109,0.108,0.107,0.107,0.108,0.11,0.11,0.106,0.107,0.105,0.107,0.11,0.108,0.107,0.109,0.114,0.108,0.107,0.106,0.105,0.126,0.135,0.129,0.131,0.12,0.122
7.66667,460,7:39:20,0.092,0.1,0.102,0.105,0.108,0.099,0.102,0.102,0.102,0.103,0.106,0.102,0.106,0.108,0.105,0.106,0.105,0.103,0.108,0.102,0.108,0.102,0.104,0.109,0.108,0.108,0.108,0.108,0.11,0.11,0.106,0.107,0.105,0.107,0.11,0.108,0.107,0.109,0.114,0.108,0.107,0.106,0.105,0.129,0.139,0.133,0.136,0.123,0.123
7.83333,470,7:49:20,0.093,0.1,0.102,0.105,0.108,0.099,0.102,0.103,0.102,0.103,0.106,0.102,0.106,0.108,0.105,0.106,0.105,0.103,0.108,0.102,0.108,0.102,0.104,0.109,0.108,0.108,0.108,0.108,0.11,0.11,0.105,0.107,0.105,0.107,0.111,0.108,0.107,0.109,0.114,0.108,0.107,0.106,0.105,0.135,0.144,0.134,0.14,0.126,0.126
8,480,7:59:20,0.092,0.1,0.102,0.105,0.108,0.099,0.102,0.103,0.102,0.103,0.106,0.102,0.106,0.108,0.105,0.106,0.105,0.103,0.108,0.102,0.108,0.102,0.104,0.109,0.109,0.108,0.108,0.108,0.111,0.11,0.106,0.107,0.105,0.107,0.111,0.108,0.107,0.109,0.114,0.108,0.107,0.106,0.105,0.136,0.149,0.138,0.151,0.13,0.128
8.16667,490,8:09:20,0.092,0.1,0.102,0.105,0.108,0.099,0.102,0.103,0.102,0.104,0.106,0.102,0.106,0.107,0.105,0.106,0.105,0.103,0.108,0.102,0.108,0.102,0.104,0.108,0.108,0.108,0.108,0.109,0.111,0.11,0.106,0.107,0.105,0.107,0.11,0.108,0.107,0.109,0.114,0.108,0.107,0.106,0.105,0.14,0.154,0.143,0.151,0.137,0.131
8.33333,500,8:19:20,0.092,0.1,0.102,0.105,0.108,0.099,0.102,0.103,0.103,0.104,0.106,0.102,0.106,0.107,0.105,0.106,0.105,0.103,0.108,0.102,0.108,0.102,0.104,0.109,0.108,0.108,0.108,0.108,0.11,0.11,0.106,0.107,0.105,0.107,0.11,0.108,0.107,0.109,0.114,0.108,0.107,0.106,0.105,0.145,0.161,0.148,0.158,0.142,0.134
8.5,510,8:29:20,0.092,0.1,0.102,0.105,0.108,0.099,0.102,0.103,0.103,0.105,0.107,0.103,0.107,0.107,0.105,0.106,0.105,0.103,0.108,0.102,0.108,0.102,0.104,0.109,0.108,0.108,0.108,0.109,0.11,0.11,0.106,0.107,0.105,0.107,0.11,0.108,0.107,0.109,0.114,0.108,0.107,0.106,0.105,0.149,0.163,0.154,0.164,0.152,0.139
8.66667,520,8:39:20,0.092,0.1,0.102,0.105,0.108,0.099,0.102,0.103,0.103,0.105,0.107,0.103,0.107,0.107,0.105,0.106,0.105,0.103,0.108,0.102,0.107,0.102,0.104,0.109,0.108,0.108,0.108,0.109,0.111,0.11,0.106,0.107,0.105,0.107,0.111,0.107,0.107,0.109,0.114,0.108,0.107,0.106,0.105,0.155,0.169,0.159,0.172,0.166,0.143
8.83333,530,8:49:20,0.092,0.1,0.102,0.105,0.108,0.099,0.102,0.103,0.103,0.105,0.107,0.103,0.107,0.107,0.105,0.106,0.105,0.103,0.108,0.102,0.107,0.102,0.103,0.109,0.107,0.108,0.108,0.109,0.111,0.11,0.106,0.107,0.105,0.107,0.11,0.107,0.107,0.109,0.114,0.107,0.107,0.106,0.105,0.16,0.171,0.164,0.177,0.167,0.148
9,540,8:59:20,0.092,0.1,0.102,0.106,0.108,0.1,0.103,0.104,0.104,0.106,0.108,0.103,0.108,0.107,0.105,0.106,0.105,0.103,0.108,0.102,0.107,0.102,0.104,0.109,0.108,0.109,0.108,0.109,0.111,0.11,0.106,0.107,0.105,0.108,0.11,0.107,0.107,0.109,0.114,0.108,0.107,0.106,0.105,0.164,0.175,0.17,0.189,0.172,0.154
9.16667,550,9:09:20,0.092,0.101,0.102,0.106,0.108,0.1,0.102,0.104,0.105,0.106,0.109,0.104,0.109,0.107,0.105,0.106,0.105,0.103,0.108,0.102,0.107,0.102,0.104,0.108,0.108,0.109,0.108,0.109,0.111,0.11,0.106,0.107,0.105,0.107,0.11,0.107,0.107,0.109,0.114,0.108,0.107,0.106,0.105,0.168,0.18,0.175,0.196,0.182,0.158
9.33333,560,9:19:20,0.092,0.1,0.102,0.106,0.108,0.099,0.102,0.104,0.104,0.107,0.108,0.103,0.109,0.107,0.105,0.106,0.105,0.103,0.108,0.102,0.107,0.102,0.104,0.108,0.11,0.109,0.108,0.11,0.111,0.11,0.106,0.107,0.105,0.107,0.11,0.107,0.107,0.108,0.114,0.108,0.107,0.106,0.105,0.171,0.183,0.182,0.203,0.194,0.163
9.5,570,9:29:20,0.092,0.1,0.102,0.105,0.108,0.1,0.103,0.104,0.104,0.108,0.109,0.104,0.109,0.107,0.105,0.106,0.105,0.103,0.108,0.102,0.107,0.102,0.104,0.108,0.111,0.109,0.108,0.109,0.111,0.11,0.106,0.107,0.104,0.107,0.11,0.107,0.107,0.108,0.114,0.108,0.107,0.106,0.105,0.176,0.187,0.187,0.21,0.192,0.168
9.66667,580,9:39:20,0.092,0.1,0.102,0.106,0.108,0.1,0.103,0.105,0.105,0.108,0.109,0.105,0.109,0.107,0.104,0.106,0.105,0.103,0.108,0.102,0.107,0.101,0.104,0.108,0.11,0.109,0.108,0.11,0.111,0.11,0.106,0.106,0.104,0.107,0.11,0.107,0.107,0.109,0.114,0.108,0.107,0.106,0.105,0.181,0.19,0.193,0.217,0.209,0.172
9.83333,590,9:49:20,0.092,0.101,0.103,0.106,0.108,0.1,0.103,0.106,0.106,0.109,0.111,0.106,0.11,0.107,0.105,0.106,0.105,0.103,0.108,0.102,0.107,0.101,0.104,0.108,0.111,0.11,0.109,0.11,0.112,0.11,0.106,0.107,0.105,0.107,0.11,0.107,0.107,0.109,0.114,0.108,0.107,0.106,0.105,0.184,0.193,0.197,0.223,0.208,0.177
10,600,9:59:20,0.092,0.101,0.103,0.106,0.108,0.1,0.103,0.107,0.107,0.111,0.111,0.106,0.111,0.107,0.105,0.106,0.105,0.103,0.108,0.102,0.107,0.101,0.104,0.108,0.11,0.11,0.109,0.11,0.112,0.111,0.106,0.106,0.105,0.107,0.11,0.107,0.107,0.109,0.114,0.108,0.107,0.106,0.105,0.188,0.196,0.202,0.229,0.221,0.181
10.16667,610,10:09:20,0.092,0.101,0.103,0.106,0.108,0.1,0.103,0.107,0.107,0.112,0.112,0.106,0.112,0.107,0.104,0.106,0.105,0.103,0.108,0.102,0.107,0.101,0.103,0.108,0.11,0.11,0.109,0.111,0.112,0.11,0.106,0.107,0.104,0.107,0.11,0.107,0.107,0.109,0.114,0.108,0.107,0.106,0.105,0.191,0.199,0.207,0.236,0.228,0.186
10.33333,620,10:19:20,0.092,0.101,0.103,0.106,0.108,0.101,0.103,0.108,0.108,0.113,0.112,0.107,0.113,0.107,0.105,0.106,0.105,0.103,0.108,0.102,0.107,0.101,0.104,0.108,0.11,0.11,0.11,0.111,0.112,0.11,0.106,0.106,0.105,0.107,0.11,0.107,0.107,0.109,0.114,0.108,0.107,0.106,0.105,0.195,0.202,0.213,0.242,0.236,0.191
10.5,630,10:29:20,0.092,0.102,0.104,0.107,0.109,0.101,0.104,0.108,0.109,0.113,0.113,0.108,0.113,0.107,0.105,0.106,0.105,0.103,0.108,0.102,0.107,0.101,0.104,0.108,0.11,0.111,0.109,0.111,0.112,0.111,0.107,0.107,0.105,0.108,0.11,0.108,0.107,0.109,0.114,0.108,0.108,0.107,0.106,0.199,0.206,0.219,0.248,0.246,0.196
10.66667,640,10:39:20,0.092,0.102,0.104,0.107,0.109,0.101,0.104,0.11,0.11,0.115,0.115,0.108,0.114,0.107,0.105,0.106,0.105,0.103,0.108,0.102,0.107,0.101,0.103,0.108,0.109,0.111,0.11,0.111,0.113,0.111,0.107,0.106,0.105,0.107,0.11,0.107,0.107,0.109,0.114,0.108,0.107,0.106,0.106,0.201,0.209,0.224,0.256,0.254,0.2
10.83333,650,10:49:20,0.092,0.102,0.104,0.107,0.109,0.101,0.104,0.111,0.112,0.116,0.117,0.109,0.114,0.107,0.105,0.106,0.105,0.103,0.109,0.102,0.107,0.101,0.104,0.108,0.11,0.111,0.11,0.111,0.113,0.111,0.107,0.106,0.105,0.108,0.11,0.107,0.107,0.109,0.114,0.108,0.108,0.107,0.106,0.206,0.213,0.23,0.261,0.263,0.205
11,660,10:59:20,0.092,0.102,0.105,0.108,0.109,0.102,0.104,0.113,0.113,0.118,0.119,0.112,0.117,0.107,0.105,0.106,0.106,0.104,0.109,0.102,0.107,0.102,0.104,0.108,0.115,0.112,0.111,0.112,0.114,0.112,0.108,0.107,0.105,0.108,0.11,0.108,0.107,0.11,0.114,0.108,0.108,0.107,0.107,0.209,0.216,0.234,0.265,0.274,0.218
11.16667,670,11:09:20,0.092,0.103,0.105,0.108,0.11,0.102,0.105,0.115,0.116,0.119,0.121,0.113,0.118,0.107,0.105,0.106,0.106,0.103,0.109,0.102,0.107,0.101,0.104,0.108,0.114,0.112,0.111,0.112,0.114,0.111,0.108,0.106,0.105,0.108,0.11,0.107,0.107,0.11,0.114,0.108,0.108,0.107,0.106,0.212,0.22,0.239,0.268,0.283,0.212
11.33333,680,11:19:20,0.092,0.103,0.105,0.108,0.109,0.102,0.105,0.115,0.115,0.123,0.121,0.113,0.119,0.107,0.105,0.106,0.105,0.103,0.109,0.102,0.106,0.101,0.103,0.108,0.115,0.112,0.111,0.112,0.114,0.111,0.107,0.106,0.105,0.108,0.11,0.107,0.107,0.11,0.114,0.108,0.108,0.107,0.106,0.216,0.222,0.243,0.272,0.291,0.215
11.5,690,11:29:20,0.092,0.103,0.106,0.108,0.11,0.103,0.105,0.117,0.117,0.124,0.123,0.116,0.121,0.107,0.104,0.106,0.105,0.103,0.109,0.102,0.107,0.101,0.104,0.108,0.115,0.112,0.111,0.112,0.114,0.111,0.107,0.106,0.105,0.108,0.11,0.107,0.107,0.11,0.114,0.108,0.108,0.107,0.107,0.22,0.227,0.248,0.275,0.302,0.219
11.66667,700,11:39:20,0.092,0.104,0.106,0.109,0.11,0.103,0.106,0.12,0.119,0.126,0.126,0.118,0.123,0.107,0.104,0.106,0.105,0.103,0.109,0.102,0.106,0.101,0.103,0.108,0.107,0.113,0.111,0.113,0.114,0.112,0.108,0.106,0.105,0.108,0.11,0.107,0.107,0.11,0.115,0.109,0.108,0.107,0.107,0.225,0.229,0.251,0.279,0.31,0.221
11.83333,710,11:49:20,0.092,0.104,0.107,0.109,0.111,0.104,0.107,0.122,0.123,0.129,0.128,0.12,0.127,0.107,0.105,0.106,0.106,0.104,0.109,0.102,0.106,0.101,0.104,0.108,0.108,0.113,0.112,0.113,0.114,0.112,0.108,0.106,0.105,0.108,0.11,0.107,0.107,0.11,0.115,0.109,0.109,0.108,0.108,0.226,0.232,0.254,0.281,0.336,0.223
12,720,11:59:20,0.092,0.105,0.107,0.11,0.111,0.105,0.107,0.127,0.127,0.133,0.131,0.124,0.131,0.107,0.105,0.106,0.106,0.104,0.109,0.102,0.106,0.101,0.103,0.108,0.107,0.114,0.112,0.114,0.115,0.112,0.109,0.106,0.105,0.108,0.11,0.107,0.107,0.111,0.115,0.11,0.109,0.108,0.108,0.228,0.235,0.256,0.284,0.343,0.225
12.16667,730,12:09:20,0.092,0.105,0.108,0.11,0.112,0.105,0.108,0.129,0.129,0.135,0.135,0.127,0.134,0.107,0.105,0.107,0.106,0.104,0.109,0.102,0.106,0.101,0.103,0.108,0.107,0.114,0.112,0.114,0.115,0.112,0.109,0.106,0.105,0.108,0.11,0.108,0.107,0.111,0.116,0.11,0.109,0.108,0.108,0.231,0.238,0.259,0.286,0.351,0.226
12.33333,740,12:19:20,0.092,0.106,0.108,0.111,0.112,0.106,0.108,0.133,0.133,0.139,0.138,0.129,0.137,0.107,0.105,0.107,0.106,0.104,0.109,0.102,0.106,0.101,0.103,0.108,0.107,0.115,0.113,0.114,0.116,0.112,0.109,0.106,0.105,0.108,0.11,0.107,0.107,0.111,0.116,0.111,0.109,0.109,0.109,0.233,0.24,0.261,0.288,0.364,0.228
12.5,750,12:29:20,0.092,0.106,0.109,0.111,0.113,0.106,0.109,0.137,0.137,0.142,0.141,0.133,0.141,0.107,0.105,0.107,0.106,0.104,0.109,0.102,0.106,0.101,0.103,0.108,0.108,0.115,0.113,0.114,0.115,0.112,0.109,0.106,0.105,0.108,0.11,0.107,0.107,0.112,0.116,0.111,0.11,0.109,0.109,0.236,0.243,0.262,0.291,0.37,0.23
12.66667,760,12:39:20,0.092,0.107,0.11,0.112,0.113,0.107,0.11,0.138,0.142,0.147,0.143,0.138,0.143,0.108,0.105,0.107,0.106,0.104,0.109,0.102,0.106,0.101,0.103,0.108,0.107,0.115,0.113,0.115,0.116,0.112,0.109,0.106,0.106,0.108,0.11,0.108,0.108,0.112,0.116,0.111,0.11,0.109,0.11,0.239,0.246,0.267,0.293,0.376,0.231
12.83333,770,12:49:20,0.092,0.108,0.11,0.113,0.113,0.108,0.11,0.142,0.146,0.15,0.145,0.141,0.147,0.108,0.105,0.107,0.106,0.104,0.109,0.102,0.106,0.1,0.103,0.108,0.109,0.115,0.113,0.115,0.116,0.112,0.109,0.107,0.105,0.108,0.11,0.108,0.107,0.112,0.117,0.112,0.11,0.11,0.11,0.241,0.247,0.268,0.295,0.386,0.233
13,780,12:59:20,0.091,0.108,0.111,0.113,0.114,0.109,0.111,0.145,0.15,0.154,0.149,0.144,0.15,0.108,0.105,0.107,0.106,0.104,0.109,0.102,0.106,0.1,0.103,0.108,0.108,0.115,0.113,0.115,0.116,0.112,0.109,0.106,0.106,0.108,0.11,0.108,0.107,0.113,0.117,0.112,0.111,0.11,0.11,0.242,0.25,0.27,0.297,0.396,0.233
13.16667,790,13:09:20,0.091,0.109,0.112,0.114,0.115,0.109,0.112,0.149,0.154,0.158,0.153,0.147,0.154,0.108,0.105,0.107,0.106,0.104,0.109,0.102,0.106,0.101,0.103,0.108,0.114,0.116,0.114,0.115,0.116,0.113,0.11,0.106,0.106,0.108,0.11,0.108,0.108,0.113,0.118,0.113,0.111,0.111,0.111,0.244,0.254,0.271,0.299,0.407,0.235
13.33333,800,13:19:20,0.092,0.11,0.113,0.115,0.116,0.111,0.113,0.154,0.158,0.163,0.157,0.153,0.158,0.108,0.105,0.107,0.106,0.105,0.11,0.102,0.106,0.101,0.103,0.108,0.112,0.117,0.115,0.116,0.117,0.113,0.111,0.106,0.106,0.108,0.111,0.108,0.108,0.114,0.119,0.114,0.112,0.112,0.112,0.249,0.256,0.273,0.301,0.416,0.236
13.5,810,13:29:20,0.091,0.111,0.114,0.116,0.116,0.112,0.114,0.157,0.163,0.168,0.162,0.158,0.162,0.108,0.105,0.107,0.106,0.105,0.109,0.102,0.106,0.1,0.103,0.108,0.113,0.118,0.115,0.117,0.117,0.114,0.111,0.106,0.106,0.108,0.111,0.108,0.108,0.115,0.119,0.114,0.112,0.112,0.112,0.248,0.258,0.274,0.303,0.421,0.237
13.66667,820,13:39:20,0.091,0.112,0.115,0.117,0.117,0.112,0.114,0.162,0.166,0.172,0.166,0.161,0.165,0.108,0.105,0.107,0.107,0.105,0.11,0.102,0.106,0.1,0.103,0.108,0.109,0.118,0.115,0.117,0.117,0.114,0.112,0.107,0.106,0.108,0.111,0.108,0.108,0.116,0.12,0.115,0.113,0.113,0.113,0.25,0.26,0.275,0.306,0.428,0.239
13.83333,830,13:49:20,0.091,0.113,0.115,0.118,0.118,0.113,0.115,0.165,0.169,0.175,0.17,0.164,0.168,0.108,0.105,0.107,0.106,0.105,0.109,0.102,0.106,0.1,0.103,0.107,0.108,0.118,0.115,0.117,0.117,0.113,0.111,0.107,0.106,0.108,0.111,0.108,0.108,0.116,0.121,0.116,0.114,0.113,0.114,0.251,0.26,0.277,0.306,0.432,0.241
14,840,13:59:20,0.091,0.114,0.117,0.119,0.119,0.115,0.117,0.169,0.173,0.18,0.174,0.169,0.171,0.109,0.105,0.107,0.107,0.105,0.11,0.102,0.106,0.1,0.103,0.108,0.11,0.119,0.116,0.117,0.118,0.114,0.112,0.107,0.106,0.109,0.111,0.108,0.108,0.117,0.122,0.117,0.115,0.115,0.115,0.253,0.267,0.279,0.308,0.444,0.242
14.16667,850,14:09:20,0.091,0.114,0.118,0.12,0.12,0.116,0.118,0.173,0.177,0.184,0.178,0.173,0.175,0.109,0.106,0.107,0.107,0.105,0.11,0.102,0.106,0.1,0.103,0.108,0.111,0.12,0.117,0.119,0.12,0.115,0.113,0.107,0.106,0.109,0.111,0.109,0.108,0.118,0.123,0.118,0.116,0.115,0.116,0.254,0.275,0.281,0.311,0.45,0.244
14.33333,860,14:19:20,0.091,0.116,0.119,0.121,0.121,0.117,0.119,0.178,0.18,0.188,0.183,0.178,0.18,0.109,0.105,0.107,0.107,0.105,0.11,0.102,0.106,0.1,0.103,0.108,0.108,0.121,0.118,0.12,0.12,0.116,0.114,0.107,0.106,0.109,0.111,0.109,0.108,0.119,0.124,0.119,0.117,0.116,0.117,0.256,0.28,0.283,0.313,0.46,0.244
14.5,870,14:29:20,0.091,0.117,0.12,0.123,0.122,0.118,0.12,0.181,0.185,0.192,0.187,0.182,0.185,0.109,0.106,0.107,0.107,0.105,0.11,0.102,0.105,0.1,0.103,0.107,0.109,0.122,0.119,0.121,0.122,0.117,0.115,0.107,0.107,0.109,0.111,0.109,0.108,0.12,0.125,0.121,0.118,0.117,0.118,0.257,0.284,0.285,0.316,0.465,0.245
14.66667,880,14:39:20,0.091,0.118,0.122,0.123,0.123,0.12,0.121,0.184,0.19,0.195,0.191,0.185,0.186,0.109,0.106,0.107,0.107,0.105,0.11,0.102,0.106,0.1,0.103,0.107,0.109,0.123,0.119,0.121,0.121,0.116,0.115,0.107,0.107,0.109,0.111,0.109,0.109,0.121,0.126,0.122,0.119,0.118,0.119,0.258,0.288,0.286,0.315,0.465,0.245
14.83333,890,14:49:20,0.091,0.119,0.123,0.125,0.124,0.121,0.123,0.188,0.193,0.197,0.194,0.189,0.188,0.109,0.106,0.107,0.107,0.105,0.11,0.102,0.105,0.1,0.103,0.107,0.11,0.123,0.118,0.121,0.121,0.117,0.116,0.107,0.107,0.109,0.112,0.109,0.109,0.122,0.128,0.123,0.12,0.12,0.121,0.26,0.281,0.287,0.316,0.46,0.246
15,900,14:59:20,0.091,0.121,0.124,0.126,0.125,0.123,0.124,0.19,0.196,0.2,0.197,0.193,0.191,0.109,0.106,0.107,0.107,0.106,0.11,0.102,0.105,0.1,0.103,0.107,0.11,0.123,0.119,0.121,0.121,0.117,0.116,0.107,0.107,0.11,0.112,0.11,0.109,0.123,0.129,0.125,0.122,0.122,0.122,0.262,0.278,0.288,0.318,0.459,0.246
15.16667,910,15:09:20,0.091,0.122,0.126,0.128,0.127,0.124,0.126,0.194,0.201,0.203,0.199,0.196,0.194,0.109,0.106,0.108,0.108,0.106,0.11,0.102,0.105,0.1,0.103,0.107,0.11,0.125,0.121,0.123,0.123,0.118,0.118,0.108,0.107,0.11,0.112,0.11,0.109,0.125,0.13,0.126,0.123,0.123,0.124,0.265,0.286,0.29,0.321,0.466,0.247
15.33333,920,15:19:20,0.091,0.123,0.127,0.129,0.128,0.125,0.127,0.196,0.203,0.206,0.202,0.2,0.196,0.109,0.106,0.107,0.107,0.106,0.11,0.102,0.105,0.1,0.103,0.107,0.109,0.125,0.12,0.123,0.123,0.118,0.117,0.108,0.107,0.11,0.112,0.11,0.11,0.126,0.132,0.128,0.124,0.125,0.125,0.265,0.272,0.288,0.319,0.457,0.247
15.5,930,15:29:20,0.091,0.125,0.129,0.131,0.13,0.127,0.128,0.2,0.207,0.21,0.205,0.203,0.198,0.11,0.106,0.108,0.108,0.106,0.111,0.102,0.105,0.1,0.103,0.107,0.109,0.127,0.122,0.124,0.124,0.119,0.119,0.108,0.108,0.111,0.113,0.111,0.11,0.128,0.134,0.13,0.126,0.126,0.127,0.268,0.275,0.29,0.322,0.464,0.248
15.66667,940,15:39:20,0.091,0.127,0.131,0.132,0.131,0.129,0.13,0.203,0.21,0.212,0.208,0.207,0.201,0.109,0.106,0.108,0.108,0.106,0.111,0.102,0.105,0.1,0.103,0.107,0.109,0.128,0.122,0.126,0.125,0.119,0.119,0.108,0.108,0.111,0.113,0.111,0.111,0.129,0.136,0.131,0.128,0.128,0.129,0.269,0.276,0.29,0.322,0.465,0.249
15.83333,950,15:49:20,0.09,0.129,0.133,0.134,0.133,0.131,0.132,0.205,0.212,0.216,0.211,0.21,0.203,0.11,0.107,0.108,0.108,0.106,0.111,0.102,0.105,0.1,0.103,0.107,0.109,0.129,0.124,0.127,0.126,0.121,0.121,0.109,0.109,0.111,0.113,0.111,0.111,0.131,0.137,0.133,0.13,0.13,0.131,0.271,0.282,0.292,0.324,0.47,0.249
16,960,15:59:20,0.091,0.13,0.135,0.136,0.135,0.133,0.134,0.207,0.216,0.217,0.213,0.214,0.205,0.11,0.107,0.108,0.108,0.107,0.111,0.102,0.105,0.1,0.103,0.107,0.108,0.13,0.125,0.129,0.128,0.122,0.122,0.109,0.109,0.111,0.114,0.112,0.112,0.133,0.139,0.135,0.132,0.132,0.133,0.273,0.279,0.292,0.324,0.472,0.25
16.16667,970,16:09:20,0.091,0.132,0.137,0.138,0.137,0.135,0.136,0.209,0.218,0.22,0.215,0.216,0.208,0.11,0.107,0.108,0.108,0.107,0.111,0.102,0.105,0.1,0.103,0.107,0.109,0.131,0.125,0.129,0.127,0.122,0.123,0.11,0.11,0.112,0.114,0.113,0.112,0.135,0.141,0.137,0.134,0.133,0.135,0.273,0.275,0.292,0.322,0.467,0.25
16.33333,980,16:19:20,0.09,0.133,0.139,0.14,0.138,0.137,0.138,0.211,0.22,0.222,0.219,0.219,0.211,0.11,0.107,0.108,0.109,0.107,0.111,0.102,0.105,0.1,0.103,0.107,0.109,0.133,0.127,0.131,0.129,0.123,0.124,0.11,0.11,0.112,0.114,0.113,0.112,0.137,0.143,0.139,0.136,0.135,0.136,0.275,0.278,0.294,0.323,0.474,0.251
16.5,990,16:29:20,0.09,0.135,0.141,0.142,0.141,0.139,0.14,0.214,0.222,0.225,0.221,0.222,0.212,0.11,0.107,0.108,0.109,0.107,0.112,0.102,0.105,0.1,0.103,0.107,0.109,0.136,0.129,0.133,0.131,0.125,0.127,0.111,0.11,0.113,0.115,0.113,0.113,0.139,0.144,0.141,0.138,0.137,0.139,0.276,0.281,0.295,0.327,0.48,0.252
16.66667,1000,16:39:20,0.09,0.138,0.143,0.144,0.143,0.141,0.142,0.215,0.224,0.228,0.223,0.224,0.214,0.111,0.108,0.109,0.109,0.107,0.112,0.102,0.105,0.1,0.103,0.107,0.108,0.137,0.131,0.135,0.132,0.126,0.128,0.111,0.111,0.113,0.115,0.114,0.113,0.14,0.147,0.143,0.14,0.139,0.141,0.276,0.282,0.296,0.327,0.482,0.252
16.83333,1010,16:49:20,0.09,0.14,0.145,0.146,0.145,0.143,0.144,0.217,0.227,0.229,0.224,0.226,0.216,0.111,0.108,0.109,0.109,0.108,0.112,0.102,0.105,0.1,0.103,0.107,0.108,0.139,0.131,0.135,0.133,0.126,0.128,0.112,0.111,0.114,0.116,0.115,0.114,0.142,0.149,0.145,0.142,0.141,0.143,0.277,0.281,0.298,0.326,0.482,0.253
17,1020,16:59:20,0.09,0.142,0.147,0.148,0.147,0.145,0.146,0.22,0.229,0.229,0.225,0.229,0.218,0.111,0.108,0.109,0.109,0.108,0.112,0.102,0.105,0.1,0.103,0.107,0.109,0.14,0.132,0.137,0.134,0.127,0.128,0.113,0.112,0.115,0.117,0.115,0.115,0.145,0.151,0.148,0.144,0.143,0.145,0.276,0.279,0.296,0.326,0.481,0.254
17.16667,1030,17:09:20,0.09,0.144,0.149,0.15,0.149,0.148,0.148,0.222,0.232,0.23,0.228,0.231,0.22,0.111,0.108,0.109,0.11,0.108,0.112,0.102,0.105,0.1,0.103,0.107,0.109,0.142,0.134,0.138,0.136,0.128,0.129,0.114,0.113,0.117,0.118,0.117,0.117,0.147,0.154,0.15,0.147,0.146,0.147,0.275,0.277,0.295,0.326,0.48,0.256
17.33333,1040,17:19:20,0.09,0.146,0.152,0.153,0.152,0.15,0.151,0.224,0.234,0.231,0.23,0.234,0.222,0.111,0.108,0.109,0.11,0.108,0.112,0.102,0.105,0.1,0.103,0.107,0.108,0.145,0.136,0.141,0.138,0.131,0.132,0.115,0.114,0.117,0.118,0.117,0.117,0.15,0.156,0.152,0.149,0.148,0.15,0.277,0.281,0.299,0.33,0.488,0.257
17.5,1050,17:29:20,0.089,0.149,0.154,0.155,0.154,0.152,0.153,0.225,0.236,0.231,0.232,0.235,0.223,0.112,0.108,0.109,0.11,0.108,0.112,0.102,0.105,0.1,0.103,0.107,0.109,0.146,0.136,0.142,0.139,0.132,0.131,0.116,0.115,0.118,0.119,0.118,0.118,0.152,0.158,0.155,0.151,0.15,0.152,0.276,0.273,0.297,0.327,0.487,0.259
17.66667,1060,17:39:20,0.09,0.151,0.156,0.157,0.156,0.154,0.155,0.227,0.237,0.233,0.234,0.236,0.225,0.112,0.108,0.11,0.11,0.108,0.113,0.102,0.105,0.1,0.103,0.107,0.108,0.145,0.137,0.144,0.14,0.133,0.133,0.117,0.117,0.12,0.121,0.12,0.12,0.155,0.161,0.157,0.154,0.152,0.154,0.275,0.279,0.296,0.328,0.531,0.264
17.83333,1070,17:49:20,0.089,0.153,0.157,0.159,0.158,0.155,0.157,0.23,0.239,0.235,0.235,0.238,0.226,0.112,0.108,0.11,0.11,0.109,0.113,0.102,0.104,0.099,0.102,0.107,0.108,0.151,0.141,0.145,0.143,0.135,0.137,0.118,0.117,0.12,0.121,0.12,0.121,0.157,0.162,0.159,0.156,0.154,0.156,0.278,0.279,0.3,0.33,0.289,0.265
18,1080,17:59:20,0.089,0.155,0.159,0.16,0.16,0.157,0.158,0.231,0.242,0.237,0.238,0.24,0.228,0.112,0.109,0.11,0.11,0.109,0.113,0.102,0.104,0.099,0.103,0.107,0.109,0.153,0.143,0.148,0.144,0.136,0.138,0.119,0.119,0.122,0.123,0.123,0.123,0.159,0.165,0.162,0.159,0.156,0.159,0.275,0.278,0.299,0.331,0.492,0.268
18.16667,1090,18:09:20,0.089,0.157,0.16,0.162,0.161,0.159,0.159,0.233,0.244,0.238,0.24,0.241,0.23,0.112,0.109,0.11,0.111,0.109,0.113,0.102,0.104,0.099,0.103,0.107,0.109,0.158,0.146,0.152,0.147,0.139,0.137,0.121,0.12,0.124,0.124,0.124,0.124,0.162,0.168,0.164,0.161,0.159,0.161,0.276,0.279,0.302,0.333,0.328,0.27
18.33333,1100,18:19:20,0.089,0.158,0.162,0.164,0.163,0.16,0.161,0.236,0.245,0.241,0.242,0.243,0.231,0.112,0.109,0.11,0.111,0.109,0.113,0.102,0.104,0.099,0.102,0.107,0.108,0.166,0.148,0.154,0.148,0.141,0.139,0.122,0.121,0.125,0.125,0.125,0.125,0.164,0.17,0.167,0.164,0.161,0.163,0.278,0.28,0.303,0.335,0.394,0.27
18.5,1110,18:29:20,0.089,0.16,0.163,0.165,0.164,0.162,0.163,0.237,0.247,0.242,0.244,0.244,0.233,0.112,0.109,0.11,0.111,0.109,0.113,0.102,0.104,0.099,0.102,0.107,0.108,0.162,0.15,0.155,0.151,0.141,0.141,0.124,0.123,0.127,0.127,0.128,0.128,0.166,0.172,0.169,0.166,0.163,0.165,0.274,0.259,0.302,0.335,0.382,0.27
18.66667,1120,18:39:20,0.089,0.161,0.165,0.167,0.166,0.163,0.164,0.238,0.249,0.244,0.247,0.246,0.234,0.113,0.11,0.11,0.111,0.11,0.114,0.102,0.104,0.099,0.102,0.107,0.108,0.167,0.154,0.159,0.153,0.144,0.144,0.126,0.125,0.13,0.129,0.13,0.13,0.169,0.174,0.171,0.168,0.165,0.167,0.276,0.247,0.303,0.337,0.367,0.27
18.83333,1130,18:49:20,0.089,0.163,0.167,0.169,0.168,0.165,0.166,0.24,0.252,0.245,0.25,0.248,0.237,0.113,0.11,0.111,0.111,0.11,0.114,0.102,0.104,0.099,0.102,0.107,0.108,0.174,0.159,0.162,0.158,0.147,0.148,0.128,0.127,0.132,0.131,0.131,0.131,0.171,0.177,0.174,0.171,0.167,0.17,0.278,0.265,0.306,0.341,0.48,0.271
19,1140,18:59:20,0.089,0.164,0.168,0.17,0.169,0.167,0.168,0.242,0.254,0.246,0.251,0.25,0.238,0.113,0.11,0.111,0.111,0.11,0.114,0.102,0.104,0.099,0.102,0.106,0.108,0.174,0.159,0.163,0.159,0.148,0.149,0.131,0.13,0.135,0.133,0.134,0.135,0.173,0.179,0.176,0.173,0.17,0.172,0.275,0.261,0.308,0.343,0.392,0.258
19.16667,1150,19:09:20,0.089,0.166,0.17,0.172,0.171,0.168,0.169,0.246,0.256,0.248,0.254,0.252,0.24,0.113,0.11,0.111,0.112,0.11,0.114,0.102,0.104,0.099,0.102,0.106,0.108,0.184,0.164,0.175,0.164,0.152,0.154,0.132,0.132,0.138,0.135,0.136,0.137,0.175,0.182,0.178,0.175,0.172,0.174,0.279,0.247,0.311,0.346,0.341,0.277
19.33333,1160,19:19:20,0.089,0.168,0.172,0.174,0.173,0.17,0.171,0.248,0.259,0.25,0.256,0.254,0.243,0.113,0.111,0.111,0.112,0.111,0.115,0.102,0.104,0.099,0.102,0.107,0.108,0.19,0.169,0.183,0.169,0.156,0.159,0.135,0.134,0.14,0.137,0.138,0.139,0.178,0.184,0.18,0.178,0.174,0.176,0.281,0.29,0.313,0.349,0.436,0.357
19.5,1170,19:29:20,0.088,0.17,0.173,0.175,0.174,0.172,0.172,0.251,0.262,0.251,0.258,0.256,0.245,0.114,0.111,0.111,0.112,0.111,0.115,0.102,0.104,0.099,0.102,0.106,0.107,0.191,0.174,0.186,0.173,0.157,0.164,0.138,0.138,0.146,0.141,0.142,0.143,0.18,0.187,0.184,0.181,0.176,0.178,0.282,0.251,0.313,0.353,0.387,0.314
19.66667,1180,19:39:20,0.088,0.171,0.175,0.177,0.176,0.173,0.174,0.254,0.264,0.253,0.261,0.258,0.246,0.114,0.111,0.112,0.112,0.112,0.115,0.102,0.104,0.099,0.102,0.106,0.108,0.191,0.177,0.188,0.173,0.159,0.164,0.142,0.142,0.151,0.145,0.147,0.147,0.183,0.189,0.186,0.183,0.179,0.181,0.28,0.453,0.313,0.334,0.593,0.28
19.83333,1190,19:49:20,0.088,0.173,0.176,0.178,0.177,0.175,0.176,0.255,0.266,0.255,0.264,0.261,0.248,0.114,0.111,0.112,0.113,0.112,0.115,0.102,0.103,0.099,0.102,0.106,0.107,0.192,0.179,0.187,0.178,0.161,0.166,0.145,0.147,0.156,0.149,0.151,0.152,0.186,0.192,0.189,0.186,0.181,0.183,0.277,0.356,0.319,0.346,0.565,0.324
20,1200,19:59:20,0.088,0.174,0.178,0.18,0.179,0.177,0.177,0.256,0.268,0.257,0.268,0.263,0.25,0.114,0.112,0.112,0.113,0.112,0.115,0.102,0.104,0.099,0.102,0.106,0.107,0.195,0.179,0.189,0.179,0.163,0.169,0.149,0.15,0.16,0.153,0.155,0.157,0.188,0.194,0.191,0.188,0.183,0.185,0.273,0.264,0.328,0.37,0.376,0.309
20.16667,1210,20:09:20,0.088,0.176,0.18,0.182,0.181,0.178,0.179,0.258,0.271,0.26,0.27,0.265,0.254,0.115,0.112,0.113,0.114,0.112,0.116,0.102,0.104,0.099,0.102,0.106,0.108,0.201,0.186,0.198,0.187,0.168,0.174,0.153,0.154,0.165,0.157,0.159,0.16,0.191,0.197,0.194,0.19,0.186,0.188,0.275,0.568,0.331,0.336,0.473,0.318
20.33333,1220,20:19:20,0.088,0.178,0.181,0.183,0.182,0.18,0.18,0.261,0.273,0.262,0.272,0.268,0.257,0.115,0.112,0.113,0.114,0.113,0.116,0.102,0.103,0.099,0.102,0.106,0.108,0.208,0.191,0.202,0.191,0.172,0.182,0.157,0.159,0.171,0.16,0.162,0.164,0.193,0.2,0.197,0.193,0.188,0.19,0.276,0.292,0.329,0.371,0.48,0.325
20.5,1230,20:29:20,0.088,0.179,0.183,0.185,0.184,0.182,0.182,0.263,0.276,0.264,0.274,0.27,0.261,0.115,0.113,0.113,0.114,0.113,0.116,0.102,0.104,0.099,0.102,0.106,0.108,0.208,0.193,0.202,0.192,0.176,0.18,0.162,0.165,0.178,0.166,0.168,0.17,0.196,0.202,0.2,0.196,0.191,0.192,0.277,0.267,0.334,0.34,0.504,0.354
20.66667,1240,20:39:20,0.088,0.181,0.184,0.186,0.185,0.183,0.184,0.266,0.28,0.266,0.275,0.273,0.264,0.115,0.113,0.114,0.114,0.114,0.117,0.102,0.103,0.099,0.102,0.106,0.108,0.213,0.198,0.208,0.196,0.178,0.184,0.168,0.17,0.184,0.17,0.173,0.175,0.198,0.204,0.202,0.198,0.193,0.194,0.315,0.261,0.326,0.405,0.48,0.331
20.83333,1250,20:49:20,0.088,0.182,0.186,0.188,0.187,0.185,0.185,0.27,0.284,0.27,0.279,0.276,0.267,0.115,0.113,0.114,0.115,0.114,0.117,0.102,0.103,0.099,0.102,0.106,0.108,0.218,0.202,0.212,0.2,0.181,0.188,0.173,0.175,0.188,0.175,0.178,0.181,0.2,0.206,0.203,0.2,0.195,0.196,0.332,0.285,0.338,0.353,0.595,0.313
21,1260,20:59:20,0.088,0.184,0.188,0.189,0.188,0.186,0.187,0.273,0.287,0.272,0.284,0.28,0.272,0.116,0.114,0.114,0.115,0.114,0.117,0.102,0.103,0.099,0.102,0.106,0.108,0.228,0.21,0.218,0.206,0.189,0.199,0.179,0.18,0.195,0.18,0.184,0.185,0.203,0.209,0.206,0.202,0.197,0.198,0.336,0.272,0.335,0.398,0.489,0.559
21.16667,1270,21:09:20,0.088,0.186,0.189,0.191,0.19,0.188,0.188,0.277,0.293,0.275,0.29,0.283,0.279,0.116,0.114,0.114,0.116,0.115,0.118,0.102,0.103,0.099,0.102,0.106,0.108,0.241,0.221,0.232,0.221,0.201,0.214,0.186,0.185,0.195,0.184,0.188,0.188,0.205,0.209,0.206,0.205,0.2,0.199,0.332,0.272,0.337,0.366,0.551,0.576
21.33333,1280,21:19:20,0.088,0.187,0.191,0.193,0.192,0.19,0.19,0.281,0.298,0.279,0.293,0.285,0.284,0.116,0.114,0.115,0.116,0.115,0.118,0.102,0.103,0.099,0.102,0.106,0.108,0.266,0.235,0.244,0.229,0.223,0.239,0.194,0.191,0.203,0.191,0.195,0.195,0.205,0.211,0.208,0.206,0.201,0.2,0.334,0.279,0.332,0.354,0.527,0.329
21.5,1290,21:29:20,0.088,0.189,0.192,0.194,0.194,0.191,0.191,0.287,0.304,0.283,0.298,0.291,0.29,0.117,0.115,0.115,0.116,0.115,0.118,0.102,0.103,0.099,0.102,0.106,0.108,0.305,0.27,0.275,0.235,0.254,0.265,0.203,0.2,0.208,0.196,0.2,0.202,0.208,0.213,0.209,0.208,0.203,0.202,0.337,0.291,0.334,0.379,0.529,0.308
21.66667,1300,21:39:20,0.088,0.191,0.194,0.196,0.195,0.193,0.193,0.291,0.31,0.29,0.302,0.295,0.296,0.117,0.115,0.116,0.117,0.116,0.119,0.102,0.104,0.099,0.102,0.106,0.108,0.34,0.305,0.314,0.239,0.279,0.294,0.209,0.207,0.215,0.202,0.206,0.21,0.21,0.215,0.211,0.209,0.205,0.203,0.337,0.293,0.338,0.409,0.398,0.65
21.83333,1310,21:49:20,0.088,0.192,0.195,0.197,0.196,0.194,0.194,0.297,0.314,0.293,0.306,0.298,0.302,0.117,0.116,0.116,0.117,0.116,0.119,0.102,0.103,0.099,0.101,0.106,0.108,0.373,0.339,0.349,0.244,0.306,0.323,0.215,0.21,0.226,0.209,0.214,0.219,0.211,0.216,0.213,0.21,0.206,0.204,0.341,0.306,0.35,0.378,0.599,0.334
22,1320,21:59:20,0.088,0.194,0.197,0.199,0.198,0.196,0.196,0.303,0.32,0.299,0.31,0.302,0.309,0.117,0.116,0.116,0.117,0.117,0.119,0.102,0.103,0.099,0.102,0.106,0.108,0.41,0.365,0.372,0.251,0.332,0.345,0.223,0.218,0.234,0.215,0.223,0.229,0.212,0.216,0.214,0.211,0.207,0.205,0.333,0.293,0.346,0.372,0.424,0.782
22.16667,1330,22:09:20,0.088,0.195,0.198,0.2,0.199,0.197,0.197,0.307,0.329,0.305,0.315,0.307,0.315,0.118,0.116,0.116,0.117,0.116,0.12,0.102,0.104,0.099,0.102,0.106,0.108,0.438,0.396,0.391,0.24,0.345,0.361,0.233,0.225,0.242,0.223,0.23,0.238,0.212,0.216,0.214,0.211,0.207,0.205,0.335,0.298,0.344,0.397,0.477,0.393
22.33333,1340,22:19:20,0.088,0.196,0.199,0.201,0.2,0.198,0.198,0.312,0.334,0.31,0.321,0.31,0.319,0.118,0.117,0.117,0.118,0.117,0.12,0.102,0.104,0.099,0.102,0.106,0.108,0.462,0.418,0.399,0.245,0.362,0.376,0.239,0.231,0.25,0.233,0.238,0.248,0.212,0.217,0.214,0.211,0.208,0.206,0.339,0.302,0.36,0.328,0.51,0.407
22.5,1350,22:29:20,0.088,0.197,0.2,0.202,0.201,0.199,0.199,0.318,0.34,0.316,0.326,0.317,0.329,0.118,0.117,0.117,0.118,0.117,0.12,0.102,0.103,0.099,0.101,0.106,0.108,0.481,0.42,0.407,0.25,0.374,0.387,0.245,0.238,0.253,0.239,0.245,0.254,0.213,0.216,0.214,0.212,0.209,0.206,0.339,0.312,0.354,0.473,0.47,0.372
22.66667,1360,22:39:20,0.088,0.199,0.202,0.204,0.203,0.201,0.201,0.329,0.348,0.325,0.335,0.326,0.337,0.119,0.117,0.118,0.119,0.118,0.121,0.102,0.104,0.099,0.102,0.106,0.108,0.506,0.433,0.436,0.263,0.392,0.411,0.248,0.246,0.254,0.243,0.25,0.255,0.214,0.217,0.215,0.213,0.209,0.207,0.336,0.295,0.35,0.456,0.485,0.375
22.83333,1370,22:49:20,0.088,0.201,0.203,0.205,0.204,0.202,0.202,0.34,0.357,0.329,0.342,0.332,0.349,0.119,0.118,0.118,0.119,0.118,0.121,0.102,0.104,0.099,0.102,0.106,0.108,0.532,0.459,0.46,0.262,0.404,0.423,0.254,0.25,0.263,0.249,0.255,0.261,0.214,0.218,0.215,0.213,0.21,0.206,0.339,0.32,0.363,0.38,0.48,0.476
23,1380,22:59:20,0.088,0.202,0.204,0.206,0.205,0.203,0.203,0.344,0.362,0.334,0.347,0.336,0.356,0.12,0.118,0.118,0.12,0.119,0.121,0.102,0.104,0.099,0.102,0.106,0.108,0.545,0.476,0.479,0.265,0.424,0.45,0.265,0.262,0.271,0.263,0.263,0.267,0.214,0.217,0.215,0.213,0.21,0.207,0.352,0.314,0.358,0.346,0.466,0.408
23.16667,1390,23:09:20,0.088,0.203,0.205,0.208,0.207,0.205,0.204,0.352,0.368,0.34,0.352,0.344,0.364,0.12,0.119,0.119,0.12,0.119,0.122,0.102,0.104,0.099,0.102,0.106,0.108,0.566,0.499,0.502,0.274,0.437,0.451,0.263,0.261,0.272,0.263,0.266,0.268,0.214,0.218,0.216,0.213,0.21,0.207,0.35,0.313,0.37,0.342,0.43,0.652
23.33333,1400,23:19:20,0.088,0.204,0.206,0.209,0.208,0.206,0.205,0.36,0.378,0.35,0.357,0.349,0.371,0.12,0.119,0.119,0.12,0.119,0.122,0.102,0.104,0.1,0.101,0.106,0.108,0.579,0.518,0.512,0.278,0.439,0.465,0.265,0.265,0.269,0.266,0.268,0.27,0.214,0.217,0.214,0.213,0.21,0.207,0.352,0.327,0.369,0.449,0.462,0.627
23.5,1410,23:29:20,0.088,0.205,0.207,0.21,0.209,0.206,0.206,0.369,0.387,0.356,0.366,0.356,0.382,0.121,0.119,0.12,0.121,0.12,0.123,0.102,0.104,0.099,0.102,0.106,0.108,0.593,0.534,0.53,0.285,0.461,0.47,0.266,0.266,0.272,0.269,0.269,0.273,0.214,0.218,0.215,0.213,0.21,0.207,0.35,0.314,0.369,0.406,0.502,0.409
23.66667,1420,23:39:20,0.088,0.206,0.208,0.211,0.21,0.208,0.207,0.378,0.4,0.362,0.375,0.362,0.391,0.121,0.12,0.12,0.121,0.121,0.123,0.102,0.104,0.1,0.102,0.106,0.108,0.603,0.554,0.537,0.289,0.47,0.488,0.267,0.268,0.272,0.27,0.272,0.275,0.214,0.218,0.215,0.213,0.21,0.207,0.366,0.32,0.362,0.4,0.54,0.402
23.83333,1430,23:49:20,0.088,0.207,0.209,0.212,0.211,0.209,0.208,0.387,0.408,0.372,0.386,0.368,0.398,0.122,0.12,0.121,0.122,0.121,0.123,0.102,0.105,0.1,0.102,0.106,0.108,0.596,0.55,0.524,0.291,0.48,0.491,0.267,0.267,0.268,0.273,0.27,0.272,0.213,0.217,0.214,0.213,0.21,0.207,0.372,0.316,0.377,0.478,0.563,0.387
24,1440,23:59:20,0.088,0.209,0.21,0.213,0.212,0.21,0.209,0.396,0.415,0.38,0.396,0.378,0.408,0.122,0.121,0.121,0.122,0.121,0.124,0.102,0.104,0.1,0.102,0.106,0.108,0.608,0.566,0.542,0.3,0.486,0.502,0.264,0.266,0.272,0.272,0.271,0.272,0.214,0.218,0.215,0.213,0.21,0.207,0.363,0.36,0.378,0.382,0.624,0.418
24.16667,1450,24:09:20,0.088,0.21,0.212,0.215,0.213,0.211,0.21,0.405,0.428,0.391,0.409,0.389,0.417,0.123,0.121,0.121,0.123,0.122,0.125,0.102,0.104,0.1,0.102,0.107,0.108,0.622,0.58,0.556,0.319,0.511,0.524,0.266,0.268,0.271,0.272,0.271,0.271,0.216,0.219,0.217,0.213,0.21,0.208,0.366,0.334,0.38,0.412,0.578,0.677
24.33333,1460,24:19:20,0.088,0.211,0.212,0.215,0.214,0.212,0.211,0.419,0.435,0.402,0.418,0.396,0.421,0.123,0.122,0.122,0.123,0.123,0.125,0.102,0.105,0.1,0.102,0.106,0.108,0.631,0.58,0.563,0.343,0.532,0.546,0.268,0.268,0.274,0.273,0.273,0.273,0.214,0.217,0.215,0.213,0.209,0.206,0.369,0.359,0.378,0.469,0.42,0.672
24.5,1470,24:29:20,0.088,0.211,0.213,0.216,0.215,0.212,0.212,0.423,0.448,0.408,0.424,0.403,0.427,0.123,0.122,0.122,0.124,0.123,0.125,0.102,0.105,0.1,0.102,0.107,0.108,0.621,0.59,0.536,0.31,0.529,0.538,0.271,0.273,0.274,0.275,0.276,0.276,0.212,0.216,0.213,0.212,0.208,0.207,0.335,0.359,0.371,0.393,0.525,0.207
24.66667,1480,24:39:20,0.088,0.212,0.214,0.217,0.216,0.213,0.213,0.426,0.45,0.416,0.432,0.409,0.431,0.124,0.123,0.123,0.124,0.123,0.126,0.103,0.105,0.101,0.103,0.107,0.109,0.616,0.585,0.527,0.315,0.532,0.541,0.271,0.272,0.273,0.278,0.278,0.276,0.212,0.215,0.213,0.212,0.208,0.206,0.323,0.343,0.387,0.483,0.536,0.566
24.83333,1490,24:49:20,0.088,0.213,0.215,0.218,0.217,0.214,0.213,0.436,0.453,0.423,0.444,0.417,0.436,0.124,0.123,0.123,0.125,0.124,0.126,0.102,0.105,0.101,0.103,0.107,0.109,0.626,0.589,0.529,0.324,0.535,0.538,0.268,0.27,0.272,0.277,0.274,0.274,0.212,0.215,0.213,0.212,0.208,0.206,0.327,0.342,0.385,0.422,0.557,0.558
25,1500,24:59:20,0.088,0.214,0.216,0.218,0.217,0.215,0.214,0.439,0.462,0.428,0.448,0.424,0.441,0.125,0.123,0.123,0.125,0.124,0.127,0.103,0.105,0.101,0.103,0.107,0.109,0.613,0.574,0.511,0.325,0.525,0.537,0.271,0.27,0.272,0.277,0.274,0.274,0.211,0.214,0.212,0.211,0.207,0.206,0.343,0.343,0.376,0.433,0.554,0.445
25.16667,1510,25:09:20,0.088,0.215,0.217,0.22,0.218,0.216,0.215,0.447,0.472,0.438,0.456,0.438,0.448,0.125,0.124,0.124,0.126,0.125,0.127,0.103,0.105,0.101,0.103,0.107,0.109,0.625,0.596,0.533,0.348,0.547,0.562,0.268,0.268,0.269,0.273,0.271,0.271,0.212,0.216,0.214,0.212,0.208,0.206,0.361,0.364,0.382,0.431,0.591,0.522
25.33333,1520,25:19:20,0.088,0.216,0.217,0.22,0.219,0.217,0.216,0.455,0.472,0.443,0.46,0.442,0.452,0.126,0.124,0.124,0.126,0.125,0.128,0.103,0.106,0.101,0.103,0.108,0.109,0.622,0.602,0.527,0.352,0.551,0.556,0.269,0.269,0.27,0.275,0.272,0.273,0.211,0.214,0.212,0.211,0.207,0.206,0.421,0.348,0.381,0.421,0.554,0.497
25.5,1530,25:29:20,0.088,0.217,0.218,0.22,0.22,0.218,0.217,0.461,0.476,0.446,0.467,0.448,0.455,0.126,0.125,0.125,0.127,0.126,0.128,0.103,0.106,0.101,0.103,0.108,0.109,0.629,0.622,0.535,0.374,0.569,0.568,0.269,0.27,0.269,0.274,0.272,0.272,0.211,0.214,0.212,0.211,0.207,0.206,0.42,0.343,0.378,0.44,0.545,0.455
25.66667,1540,25:39:20,0.088,0.217,0.219,0.221,0.22,0.218,0.217,0.466,0.476,0.449,0.467,0.452,0.457,0.126,0.125,0.126,0.127,0.126,0.128,0.103,0.106,0.101,0.103,0.108,0.109,0.624,0.632,0.536,0.383,0.572,0.569,0.268,0.27,0.27,0.275,0.271,0.273,0.21,0.213,0.211,0.211,0.206,0.205,0.393,0.373,0.388,0.398,0.591,0.558
25.83333,1550,25:49:20,0.088,0.218,0.22,0.222,0.221,0.219,0.218,0.469,0.481,0.454,0.468,0.457,0.46,0.127,0.126,0.126,0.128,0.127,0.129,0.104,0.106,0.102,0.104,0.108,0.11,0.621,0.63,0.54,0.387,0.568,0.572,0.269,0.27,0.271,0.274,0.271,0.272,0.21,0.213,0.21,0.21,0.206,0.205,0.438,0.363,0.381,0.408,0.561,0.359
26,1560,25:59:20,0.088,0.219,0.22,0.222,0.221,0.219,0.218,0.475,0.483,0.455,0.471,0.46,0.463,0.127,0.126,0.127,0.128,0.127,0.129,0.104,0.106,0.102,0.104,0.108,0.11,0.615,0.632,0.537,0.39,0.565,0.576,0.269,0.269,0.27,0.274,0.271,0.273,0.209,0.212,0.21,0.21,0.205,0.205,0.393,0.362,0.39,0.472,0.534,0.797
26.16667,1570,26:09:20,0.088,0.22,0.221,0.223,0.223,0.221,0.219,0.481,0.489,0.462,0.475,0.466,0.468,0.128,0.127,0.127,0.129,0.128,0.13,0.104,0.107,0.102,0.104,0.109,0.11,0.637,0.643,0.566,0.418,0.589,0.594,0.27,0.268,0.268,0.271,0.269,0.269,0.209,0.213,0.211,0.211,0.207,0.205,0.397,0.515,0.391,0.436,0.619,0.744
26.33333,1580,26:19:20,0.088,0.221,0.222,0.224,0.223,0.221,0.22,0.487,0.494,0.466,0.479,0.47,0.469,0.128,0.127,0.128,0.129,0.129,0.131,0.105,0.107,0.102,0.104,0.109,0.11,0.638,0.647,0.567,0.435,0.59,0.6,0.269,0.268,0.268,0.271,0.27,0.27,0.209,0.212,0.21,0.21,0.206,0.204,0.346,0.377,0.392,0.422,0.45,0.614
26.5,1590,26:29:20,0.088,0.222,0.223,0.225,0.224,0.222,0.221,0.494,0.502,0.471,0.486,0.475,0.474,0.129,0.128,0.128,0.13,0.129,0.131,0.105,0.107,0.102,0.105,0.108,0.111,0.657,0.661,0.593,0.465,0.605,0.622,0.269,0.268,0.268,0.271,0.27,0.27,0.208,0.212,0.21,0.21,0.206,0.204,0.335,0.667,0.399,0.392,0.665,0.643
26.66667,1600,26:39:20,0.088,0.222,0.223,0.225,0.225,0.222,0.221,0.5,0.505,0.473,0.489,0.476,0.478,0.129,0.129,0.129,0.13,0.13,0.132,0.105,0.107,0.103,0.105,0.109,0.111,0.673,0.672,0.596,0.479,0.607,0.627,0.269,0.269,0.268,0.271,0.269,0.269,0.208,0.211,0.209,0.209,0.205,0.204,0.302,0.681,0.381,0.401,0.533,0.814
26.83333,1610,26:49:20,0.088,0.222,0.224,0.226,0.225,0.223,0.222,0.503,0.502,0.472,0.489,0.48,0.477,0.13,0.129,0.129,0.131,0.13,0.132,0.105,0.107,0.103,0.105,0.11,0.112,0.669,0.682,0.593,0.495,0.606,0.633,0.269,0.269,0.269,0.271,0.27,0.27,0.207,0.211,0.209,0.209,0.205,0.204,0.41,0.551,0.378,0.572,0.717,0.699
27,1620,26:59:20,0.088,0.223,0.224,0.226,0.225,0.223,0.222,0.502,0.496,0.472,0.486,0.479,0.474,0.13,0.129,0.129,0.132,0.131,0.133,0.105,0.108,0.103,0.105,0.11,0.112,0.643,0.674,0.57,0.491,0.594,0.629,0.27,0.27,0.269,0.27,0.269,0.27,0.207,0.21,0.208,0.208,0.203,0.203,0.393,0.634,0.377,0.426,0.499,1.029
27.16667,1630,27:09:20,0.088,0.223,0.224,0.226,0.226,0.224,0.222,0.499,0.496,0.473,0.487,0.481,0.476,0.131,0.13,0.13,0.132,0.131,0.133,0.106,0.108,0.104,0.106,0.11,0.113,0.644,0.669,0.568,0.505,0.602,0.632,0.27,0.27,0.269,0.271,0.27,0.271,0.206,0.21,0.207,0.208,0.204,0.203,0.312,0.606,0.379,0.441,0.549,0.852
27.33333,1640,27:19:20,0.088,0.224,0.225,0.227,0.227,0.225,0.223,0.503,0.501,0.476,0.491,0.484,0.481,0.131,0.13,0.131,0.133,0.132,0.134,0.106,0.109,0.104,0.106,0.11,0.113,0.648,0.675,0.593,0.52,0.622,0.646,0.27,0.271,0.269,0.271,0.27,0.27,0.206,0.21,0.208,0.208,0.204,0.203,0.334,0.57,0.383,0.52,0.662,1.101
27.5,1650,27:29:20,0.088,0.224,0.225,0.227,0.227,0.225,0.224,0.505,0.5,0.48,0.492,0.484,0.483,0.132,0.131,0.131,0.133,0.133,0.134,0.106,0.109,0.105,0.107,0.111,0.114,0.642,0.673,0.572,0.508,0.605,0.647,0.274,0.271,0.27,0.272,0.271,0.271,0.206,0.209,0.207,0.207,0.203,0.203,0.35,0.554,0.378,0.568,0.462,1.06
27.66667,1660,27:39:20,0.088,0.226,0.227,0.229,0.228,0.226,0.224,0.508,0.508,0.486,0.497,0.488,0.487,0.132,0.132,0.132,0.134,0.133,0.135,0.107,0.11,0.106,0.107,0.111,0.114,0.664,0.689,0.615,0.536,0.641,0.664,0.271,0.271,0.27,0.272,0.271,0.272,0.206,0.209,0.208,0.208,0.204,0.203,0.358,0.716,0.386,0.378,0.648,1.08
27.83333,1670,27:49:20,0.088,0.226,0.227,0.229,0.228,0.226,0.225,0.513,0.511,0.486,0.501,0.49,0.489,0.133,0.132,0.132,0.134,0.133,0.135,0.107,0.11,0.106,0.108,0.112,0.115,0.655,0.69,0.611,0.538,0.633,0.669,0.272,0.272,0.271,0.272,0.272,0.272,0.205,0.209,0.207,0.207,0.203,0.203,0.642,0.646,0.382,0.567,0.539,0.926
28,1680,27:59:20,0.088,0.227,0.228,0.23,0.229,0.227,0.225,0.515,0.514,0.488,0.502,0.496,0.493,0.133,0.133,0.133,0.135,0.134,0.136,0.108,0.111,0.107,0.109,0.113,0.116,0.672,0.702,0.624,0.554,0.652,0.687,0.273,0.273,0.272,0.273,0.272,0.273,0.205,0.208,0.207,0.207,0.203,0.203,0.563,0.604,0.383,0.491,0.598,0.824
28.16667,1690,28:09:20,0.088,0.227,0.228,0.23,0.229,0.227,0.225,0.511,0.511,0.486,0.501,0.495,0.493,0.134,0.133,0.133,0.135,0.135,0.136,0.108,0.112,0.107,0.109,0.113,0.116,0.664,0.7,0.604,0.549,0.644,0.681,0.275,0.274,0.273,0.273,0.273,0.273,0.205,0.208,0.206,0.206,0.202,0.202,0.399,0.565,0.38,0.517,0.538,1.131
28.33333,1700,28:19:20,0.088,0.227,0.228,0.23,0.23,0.228,0.226,0.507,0.51,0.487,0.5,0.494,0.495,0.134,0.134,0.134,0.136,0.135,0.137,0.109,0.113,0.108,0.11,0.114,0.117,0.645,0.693,0.603,0.546,0.636,0.678,0.276,0.274,0.273,0.274,0.274,0.275,0.205,0.207,0.206,0.206,0.202,0.202,0.351,0.652,0.381,0.51,0.575,0.98
28.5,1710,28:29:20,0.088,0.228,0.229,0.231,0.23,0.228,0.227,0.509,0.511,0.489,0.504,0.497,0.499,0.135,0.134,0.134,0.137,0.136,0.137,0.11,0.113,0.109,0.111,0.115,0.118,0.647,0.703,0.623,0.559,0.652,0.683,0.275,0.274,0.273,0.275,0.275,0.276,0.204,0.207,0.205,0.206,0.202,0.202,0.357,0.559,0.383,0.435,0.523,1.127
28.66667,1720,28:39:20,0.088,0.229,0.23,0.232,0.231,0.229,0.228,0.514,0.517,0.495,0.509,0.501,0.504,0.135,0.135,0.135,0.137,0.136,0.138,0.11,0.114,0.11,0.111,0.115,0.118,0.661,0.71,0.641,0.575,0.676,0.706,0.276,0.275,0.272,0.276,0.275,0.275,0.204,0.207,0.206,0.206,0.202,0.202,0.378,0.604,0.384,0.461,0.547,0.913
28.83333,1730,28:49:20,0.088,0.23,0.23,0.233,0.232,0.23,0.228,0.519,0.526,0.501,0.514,0.505,0.51,0.136,0.136,0.136,0.138,0.137,0.139,0.111,0.115,0.111,0.113,0.116,0.119,0.682,0.713,0.658,0.593,0.681,0.707,0.275,0.274,0.273,0.277,0.276,0.275,0.204,0.207,0.206,0.206,0.202,0.202,0.417,0.607,0.386,0.512,0.565,0.95
29,1740,28:59:20,0.088,0.231,0.231,0.234,0.233,0.23,0.229,0.526,0.534,0.503,0.517,0.509,0.514,0.137,0.136,0.136,0.138,0.137,0.139,0.112,0.116,0.111,0.113,0.117,0.12,0.697,0.723,0.668,0.602,0.702,0.726,0.276,0.276,0.274,0.277,0.277,0.276,0.204,0.208,0.206,0.206,0.203,0.202,0.683,0.621,0.387,0.425,0.65,1.058
29.16667,1750,29:09:20,0.087,0.231,0.231,0.233,0.233,0.23,0.229,0.532,0.539,0.502,0.52,0.512,0.516,0.137,0.137,0.137,0.139,0.138,0.14,0.113,0.117,0.112,0.114,0.118,0.121,0.683,0.734,0.672,0.598,0.697,0.725,0.277,0.276,0.275,0.277,0.278,0.277,0.204,0.207,0.205,0.205,0.202,0.201,0.297,0.67,0.383,0.679,0.572,1.17
29.33333,1760,29:19:20,0.087,0.231,0.232,0.234,0.233,0.231,0.229,0.535,0.542,0.503,0.524,0.515,0.516,0.138,0.137,0.137,0.139,0.139,0.141,0.114,0.118,0.113,0.115,0.119,0.122,0.704,0.737,0.689,0.615,0.706,0.743,0.276,0.276,0.275,0.278,0.278,0.277,0.203,0.206,0.206,0.206,0.202,0.201,0.704,0.573,0.385,0.753,0.643,0.968
29.5,1770,29:29:20,0.088,0.232,0.232,0.234,0.234,0.231,0.23,0.538,0.547,0.503,0.525,0.516,0.519,0.138,0.138,0.138,0.14,0.139,0.141,0.115,0.119,0.114,0.116,0.12,0.123,0.711,0.74,0.7,0.607,0.715,0.751,0.277,0.276,0.275,0.278,0.278,0.277,0.203,0.206,0.206,0.205,0.201,0.201,0.447,0.684,0.383,0.785,0.543,0.935
29.66667,1780,29:39:20,0.088,0.232,0.232,0.235,0.234,0.232,0.23,0.538,0.549,0.502,0.524,0.514,0.518,0.139,0.138,0.138,0.141,0.14,0.141,0.116,0.12,0.116,0.118,0.121,0.125,0.707,0.741,0.698,0.606,0.719,0.755,0.277,0.277,0.276,0.278,0.279,0.278,0.203,0.206,0.205,0.205,0.201,0.201,0.347,0.679,0.419,0.835,0.483,0.999
29.83333,1790,29:49:20,0.088,0.232,0.233,0.235,0.234,0.232,0.23,0.541,0.548,0.507,0.528,0.516,0.52,0.139,0.139,0.139,0.141,0.14,0.142,0.117,0.122,0.117,0.119,0.123,0.126,0.719,0.753,0.712,0.621,0.734,0.764,0.277,0.278,0.276,0.278,0.279,0.278,0.203,0.206,0.205,0.205,0.201,0.201,0.36,0.622,0.427,0.777,0.643,1.039
30,1800,29:59:20,0.088,0.232,0.233,0.235,0.234,0.232,0.231,0.537,0.545,0.509,0.526,0.515,0.522,0.14,0.139,0.14,0.141,0.141,0.142,0.118,0.124,0.119,0.121,0.125,0.128,0.71,0.748,0.701,0.596,0.714,0.765,0.278,0.278,0.276,0.279,0.28,0.278,0.202,0.205,0.204,0.204,0.201,0.201,0.302,0.627,0.411,0.883,0.627,1.19
30.16667,1810,30:09:20,0.088,0.233,0.234,0.236,0.235,0.233,0.231,0.542,0.547,0.512,0.529,0.52,0.524,0.14,0.14,0.14,0.142,0.141,0.143,0.12,0.125,0.12,0.122,0.126,0.129,0.712,0.749,0.716,0.623,0.737,0.768,0.278,0.279,0.277,0.279,0.28,0.278,0.202,0.205,0.204,0.204,0.201,0.2,0.406,0.679,0.412,0.886,0.483,1.166
30.33333,1820,30:19:20,0.087,0.233,0.234,0.236,0.235,0.233,0.231,0.545,0.55,0.514,0.533,0.523,0.527,0.141,0.14,0.141,0.142,0.142,0.143,0.121,0.127,0.122,0.124,0.127,0.131,0.721,0.753,0.723,0.631,0.744,0.775,0.279,0.278,0.278,0.279,0.281,0.279,0.202,0.205,0.204,0.204,0.201,0.2,0.379,0.566,0.412,0.808,0.626,1.119
30.5,1830,30:29:20,0.088,0.234,0.235,0.237,0.236,0.234,0.232,0.551,0.554,0.518,0.538,0.527,0.532,0.141,0.141,0.141,0.143,0.143,0.144,0.122,0.128,0.123,0.125,0.129,0.132,0.729,0.765,0.733,0.638,0.755,0.784,0.279,0.279,0.278,0.279,0.281,0.279,0.202,0.205,0.204,0.204,0.2,0.2,0.305,0.529,0.412,0.915,0.655,1.192
30.66667,1840,30:39:20,0.087,0.234,0.235,0.237,0.236,0.234,0.232,0.557,0.557,0.52,0.539,0.528,0.534,0.141,0.141,0.142,0.143,0.143,0.144,0.124,0.13,0.125,0.127,0.13,0.134,0.734,0.768,0.744,0.644,0.757,0.799,0.279,0.279,0.278,0.28,0.281,0.28,0.202,0.204,0.204,0.204,0.2,0.2,0.4,0.608,0.411,0.921,0.561,0.927
30.83333,1850,30:49:20,0.088,0.234,0.235,0.237,0.237,0.234,0.233,0.563,0.557,0.521,0.543,0.53,0.535,0.142,0.142,0.142,0.144,0.144,0.145,0.126,0.132,0.127,0.129,0.132,0.136,0.726,0.761,0.745,0.642,0.761,0.793,0.279,0.279,0.279,0.281,0.281,0.28,0.201,0.205,0.204,0.204,0.2,0.2,0.515,0.588,0.411,0.878,0.5,1.108
31,1860,30:59:20,0.088,0.235,0.235,0.237,0.237,0.235,0.233,0.57,0.561,0.522,0.544,0.532,0.536,0.143,0.142,0.143,0.144,0.144,0.146,0.128,0.134,0.129,0.131,0.134,0.137,0.728,0.763,0.742,0.643,0.761,0.795,0.28,0.279,0.279,0.281,0.282,0.28,0.201,0.204,0.203,0.203,0.2,0.2,0.432,0.552,0.421,0.829,0.658,0.97
31.16667,1870,31:09:20,0.088,0.235,0.236,0.238,0.237,0.235,0.233,0.578,0.565,0.524,0.546,0.532,0.541,0.143,0.143,0.143,0.145,0.145,0.146,0.129,0.136,0.131,0.133,0.135,0.139,0.728,0.767,0.754,0.657,0.771,0.793,0.28,0.28,0.28,0.281,0.282,0.28,0.201,0.204,0.203,0.203,0.2,0.199,0.338,0.538,0.392,0.925,0.555,1.06
31.33333,1880,31:19:20,0.087,0.236,0.237,0.239,0.239,0.236,0.234,0.592,0.573,0.533,0.552,0.538,0.549,0.144,0.144,0.144,0.146,0.145,0.147,0.131,0.138,0.132,0.135,0.136,0.14,0.755,0.782,0.769,0.686,0.783,0.809,0.28,0.28,0.28,0.281,0.282,0.281,0.201,0.204,0.203,0.204,0.2,0.2,0.677,0.612,0.398,0.405,0.616,0.993
31.5,1890,31:29:20,0.088,0.237,0.237,0.24,0.239,0.237,0.234,0.606,0.581,0.542,0.564,0.548,0.561,0.144,0.144,0.145,0.147,0.146,0.148,0.133,0.139,0.135,0.137,0.138,0.142,0.77,0.792,0.785,0.705,0.799,0.811,0.281,0.28,0.28,0.281,0.282,0.281,0.201,0.204,0.203,0.204,0.2,0.2,0.434,0.562,0.399,0.838,0.757,1.041
31.66667,1900,31:39:20,0.087,0.237,0.237,0.239,0.239,0.236,0.235,0.62,0.591,0.545,0.572,0.555,0.568,0.145,0.145,0.145,0.147,0.146,0.148,0.135,0.142,0.137,0.14,0.14,0.144,0.768,0.789,0.791,0.701,0.804,0.793,0.281,0.28,0.281,0.282,0.283,0.281,0.201,0.204,0.203,0.203,0.199,0.199,0.396,0.532,0.396,0.395,0.488,1.198
31.83333,1910,31:49:20,0.087,0.237,0.237,0.239,0.239,0.236,0.235,0.627,0.602,0.545,0.577,0.557,0.571,0.145,0.145,0.145,0.147,0.146,0.148,0.136,0.143,0.138,0.141,0.143,0.146,0.773,0.8,0.793,0.678,0.798,0.771,0.281,0.281,0.281,0.283,0.283,0.281,0.2,0.203,0.202,0.203,0.199,0.199,0.747,0.57,0.395,0.689,0.46,0.875
32,1920,31:59:20,0.087,0.237,0.238,0.24,0.239,0.237,0.235,0.634,0.605,0.543,0.577,0.557,0.57,0.146,0.145,0.146,0.148,0.147,0.149,0.139,0.146,0.14,0.144,0.145,0.148,0.775,0.801,0.796,0.696,0.806,0.772,0.282,0.281,0.281,0.283,0.283,0.282,0.2,0.203,0.202,0.203,0.199,0.199,0.511,0.791,0.396,0.568,0.635,1.205
32.16667,1930,32:09:20,0.087,0.238,0.239,0.24,0.24,0.237,0.236,0.645,0.61,0.547,0.579,0.562,0.571,0.147,0.146,0.147,0.148,0.148,0.149,0.141,0.147,0.142,0.145,0.147,0.149,0.784,0.802,0.808,0.715,0.806,0.786,0.282,0.282,0.282,0.283,0.284,0.283,0.2,0.203,0.202,0.203,0.199,0.199,0.813,0.416,0.397,0.904,0.528,1.186
32.33333,1940,32:19:20,0.087,0.238,0.239,0.241,0.24,0.237,0.236,0.649,0.618,0.552,0.581,0.565,0.572,0.147,0.146,0.147,0.149,0.148,0.15,0.142,0.147,0.143,0.147,0.148,0.15,0.79,0.803,0.816,0.71,0.814,0.795,0.282,0.282,0.282,0.284,0.284,0.283,0.2,0.203,0.202,0.202,0.198,0.199,0.486,0.772,0.395,0.581,0.605,1.047
32.5,1950,32:29:20,0.087,0.239,0.239,0.241,0.241,0.238,0.236,0.66,0.623,0.553,0.585,0.567,0.576,0.147,0.147,0.148,0.149,0.149,0.15,0.144,0.148,0.144,0.147,0.149,0.151,0.798,0.812,0.824,0.726,0.82,0.797,0.282,0.282,0.282,0.284,0.285,0.284,0.2,0.203,0.202,0.202,0.199,0.199,0.333,0.585,0.396,0.949,0.698,0.948
32.66667,1960,32:39:20,0.088,0.239,0.239,0.241,0.241,0.238,0.236,0.664,0.626,0.556,0.585,0.567,0.577,0.148,0.147,0.148,0.15,0.149,0.15,0.145,0.149,0.145,0.148,0.15,0.152,0.789,0.799,0.823,0.713,0.807,0.801,0.283,0.282,0.282,0.285,0.285,0.284,0.199,0.202,0.202,0.202,0.198,0.198,0.312,0.561,0.427,0.753,0.164,1.051
32.83333,1970,32:49:20,0.087,0.24,0.24,0.241,0.241,0.238,0.237,0.67,0.634,0.562,0.591,0.572,0.584,0.148,0.148,0.149,0.15,0.15,0.151,0.146,0.15,0.146,0.147,0.15,0.152,0.809,0.808,0.837,0.749,0.826,0.812,0.283,0.283,0.283,0.285,0.286,0.285,0.199,0.202,0.202,0.202,0.198,0.198,0.37,0.529,0.425,0.632,0.685,1.003
33,1980,32:59:20,0.087,0.239,0.239,0.242,0.241,0.238,0.237,0.677,0.63,0.564,0.595,0.578,0.582,0.149,0.148,0.149,0.151,0.15,0.152,0.146,0.151,0.147,0.149,0.151,0.153,0.801,0.81,0.841,0.721,0.813,0.816,0.283,0.283,0.283,0.285,0.286,0.285,0.199,0.202,0.201,0.202,0.198,0.198,0.345,0.6,0.431,0.665,0.638,0.914
33.16667,1990,33:09:20,0.087,0.24,0.24,0.242,0.242,0.239,0.238,0.681,0.633,0.569,0.6,0.581,0.582,0.149,0.149,0.149,0.151,0.151,0.152,0.148,0.152,0.147,0.15,0.152,0.154,0.811,0.814,0.846,0.742,0.825,0.822,0.284,0.283,0.284,0.286,0.286,0.285,0.199,0.202,0.201,0.202,0.198,0.198,0.317,0.846,0.425,0.801,0.44,0.972
33.33333,2000,33:19:20,0.088,0.24,0.24,0.242,0.242,0.239,0.238,0.684,0.632,0.575,0.606,0.583,0.587,0.149,0.149,0.15,0.152,0.151,0.152,0.148,0.153,0.149,0.15,0.152,0.154,0.811,0.811,0.851,0.743,0.822,0.83,0.284,0.283,0.284,0.286,0.287,0.286,0.199,0.202,0.201,0.201,0.198,0.198,0.561,0.543,0.433,0.896,0.272,1.095
33.5,2010,33:29:20,0.087,0.239,0.24,0.242,0.242,0.239,0.237,0.684,0.614,0.573,0.604,0.573,0.581,0.15,0.149,0.15,0.152,0.151,0.153,0.149,0.153,0.15,0.151,0.153,0.155,0.805,0.799,0.853,0.74,0.814,0.825,0.284,0.283,0.284,0.286,0.286,0.286,0.198,0.201,0.2,0.201,0.197,0.198,0.46,0.671,0.417,0.965,0.741,1.029
33.66667,2020,33:39:20,0.087,0.239,0.24,0.242,0.242,0.239,0.238,0.688,0.625,0.571,0.602,0.575,0.582,0.15,0.15,0.15,0.152,0.151,0.153,0.15,0.154,0.15,0.151,0.154,0.156,0.813,0.814,0.855,0.744,0.815,0.822,0.284,0.283,0.284,0.286,0.287,0.286,0.198,0.201,0.2,0.201,0.197,0.197,0.469,0.841,0.44,0.903,0.257,1.187
33.83333,2030,33:49:20,0.087,0.24,0.241,0.243,0.243,0.24,0.239,0.693,0.627,0.577,0.607,0.583,0.59,0.151,0.15,0.151,0.153,0.152,0.154,0.15,0.154,0.15,0.151,0.154,0.156,0.825,0.82,0.866,0.771,0.837,0.836,0.285,0.284,0.285,0.287,0.287,0.286,0.198,0.201,0.2,0.201,0.197,0.197,0.637,0.601,0.423,0.256,0.892,1.095
34,2040,33:59:20,0.087,0.242,0.242,0.244,0.243,0.24,0.239,0.702,0.639,0.588,0.62,0.597,0.594,0.151,0.151,0.152,0.153,0.153,0.154,0.151,0.155,0.152,0.152,0.155,0.157,0.826,0.818,0.88,0.779,0.829,0.848,0.285,0.285,0.285,0.288,0.288,0.287,0.198,0.201,0.2,0.201,0.197,0.197,0.442,0.521,0.426,0.418,0.646,0.99
34.16667,2050,34:09:20,0.087,0.241,0.242,0.244,0.243,0.241,0.239,0.707,0.652,0.598,0.63,0.605,0.596,0.152,0.151,0.152,0.154,0.153,0.155,0.152,0.155,0.152,0.152,0.155,0.157,0.838,0.829,0.883,0.785,0.821,0.853,0.285,0.285,0.285,0.288,0.288,0.287,0.198,0.201,0.2,0.201,0.197,0.197,0.468,0.263,0.426,0.84,0.841,1.057
34.33333,2060,34:19:20,0.087,0.242,0.243,0.244,0.244,0.241,0.24,0.716,0.664,0.61,0.636,0.614,0.605,0.152,0.152,0.152,0.154,0.153,0.155,0.152,0.156,0.152,0.153,0.155,0.158,0.857,0.837,0.899,0.809,0.838,0.861,0.286,0.285,0.286,0.288,0.288,0.288,0.198,0.201,0.2,0.201,0.196,0.197,0.452,0.295,0.428,0.938,0.629,1.14
34.5,2070,34:29:20,0.087,0.242,0.242,0.244,0.244,0.241,0.239,0.726,0.667,0.617,0.642,0.623,0.601,0.152,0.152,0.153,0.154,0.154,0.155,0.153,0.157,0.154,0.154,0.157,0.159,0.852,0.84,0.91,0.812,0.85,0.864,0.286,0.286,0.286,0.289,0.289,0.288,0.197,0.2,0.199,0.2,0.196,0.197,0.444,0.201,0.429,0.911,0.75,1.164
34.66667,2080,34:39:20,0.087,0.243,0.243,0.245,0.245,0.241,0.24,0.734,0.668,0.623,0.646,0.628,0.608,0.153,0.153,0.153,0.155,0.154,0.156,0.154,0.158,0.154,0.155,0.157,0.16,0.858,0.835,0.922,0.823,0.853,0.874,0.286,0.286,0.287,0.289,0.289,0.288,0.197,0.2,0.199,0.2,0.196,0.197,0.427,0.215,0.43,0.25,0.981,1.031
34.83333,2090,34:49:20,0.087,0.243,0.243,0.245,0.245,0.242,0.24,0.739,0.674,0.63,0.655,0.629,0.603,0.153,0.153,0.154,0.155,0.154,0.156,0.155,0.158,0.155,0.155,0.158,0.161,0.871,0.848,0.931,0.825,0.862,0.88,0.287,0.286,0.287,0.289,0.289,0.288,0.197,0.2,0.199,0.2,0.196,0.196,0.423,0.22,0.429,0.258,0.813,0.979
35,2100,34:59:20,0.087,0.242,0.242,0.245,0.244,0.241,0.24,0.736,0.679,0.634,0.666,0.629,0.601,0.153,0.153,0.154,0.155,0.155,0.156,0.155,0.159,0.156,0.157,0.159,0.161,0.866,0.848,0.924,0.813,0.848,0.879,0.287,0.286,0.287,0.289,0.289,0.289,0.197,0.2,0.199,0.199,0.195,0.196,0.438,0.22,0.429,0.254,0.637,1.003
35.16667,2110,35:09:20,0.087,0.242,0.243,0.245,0.244,0.242,0.24,0.744,0.668,0.639,0.666,0.631,0.602,0.154,0.154,0.154,0.156,0.155,0.157,0.156,0.16,0.156,0.157,0.16,0.162,0.867,0.851,0.926,0.817,0.84,0.885,0.287,0.287,0.287,0.29,0.29,0.289,0.197,0.199,0.199,0.199,0.195,0.196,0.42,0.225,0.428,0.255,1,0.982
35.33333,2120,35:19:20,0.087,0.242,0.243,0.245,0.244,0.241,0.24,0.745,0.657,0.636,0.67,0.632,0.594,0.154,0.154,0.154,0.156,0.155,0.157,0.157,0.161,0.157,0.158,0.16,0.163,0.863,0.841,0.926,0.808,0.822,0.882,0.287,0.286,0.288,0.29,0.29,0.289,0.196,0.199,0.198,0.199,0.195,0.196,0.457,0.223,0.44,0.264,0.61,1.08
35.5,2130,35:29:20,0.087,0.243,0.243,0.245,0.246,0.242,0.241,0.754,0.663,0.645,0.677,0.64,0.602,0.155,0.154,0.155,0.157,0.156,0.157,0.157,0.161,0.157,0.158,0.161,0.163,0.887,0.855,0.94,0.841,0.856,0.887,0.288,0.287,0.289,0.291,0.29,0.29,0.197,0.199,0.198,0.199,0.195,0.196,0.495,0.234,0.422,0.265,0.979,1.019
35.66667,2140,35:39:20,0.087,0.244,0.244,0.246,0.246,0.242,0.241,0.761,0.677,0.653,0.686,0.65,0.617,0.155,0.155,0.156,0.157,0.156,0.158,0.158,0.161,0.158,0.158,0.161,0.164,0.902,0.874,0.959,0.862,0.874,0.895,0.289,0.288,0.29,0.291,0.291,0.29,0.196,0.199,0.198,0.199,0.195,0.196,0.568,0.242,0.439,0.271,0.975,1.013
35.83333,2150,35:49:20,0.087,0.244,0.244,0.246,0.245,0.242,0.241,0.766,0.67,0.654,0.686,0.651,0.613,0.155,0.155,0.156,0.157,0.157,0.158,0.159,0.162,0.159,0.16,0.162,0.164,0.898,0.875,0.962,0.848,0.868,0.896,0.288,0.288,0.289,0.291,0.291,0.29,0.196,0.199,0.198,0.199,0.194,0.195,0.525,0.244,0.462,0.269,0.872,1.007
36,2160,35:59:20,0.087,0.244,0.244,0.246,0.245,0.242,0.241,0.776,0.674,0.66,0.695,0.658,0.615,0.156,0.155,0.156,0.158,0.157,0.159,0.159,0.162,0.159,0.16,0.162,0.165,0.898,0.862,0.971,0.847,0.858,0.901,0.289,0.288,0.29,0.292,0.292,0.29,0.196,0.199,0.198,0.199,0.194,0.195,0.514,0.248,0.449,0.257,0.908,0.966
36.16667,2170,36:09:20,0.087,0.243,0.243,0.246,0.246,0.242,0.241,0.781,0.674,0.665,0.703,0.669,0.604,0.156,0.156,0.156,0.157,0.157,0.158,0.16,0.163,0.159,0.161,0.163,0.166,0.909,0.872,0.972,0.855,0.869,0.912,0.289,0.288,0.289,0.292,0.291,0.291,0.196,0.198,0.198,0.199,0.194,0.195,0.516,0.25,0.484,0.258,0.986,1.008
36.33333,2180,36:19:20,0.087,0.245,0.245,0.247,0.246,0.243,0.242,0.789,0.685,0.671,0.703,0.672,0.609,0.157,0.156,0.157,0.158,0.158,0.159,0.16,0.163,0.16,0.161,0.163,0.166,0.927,0.883,0.983,0.871,0.885,0.914,0.29,0.289,0.291,0.293,0.293,0.291,0.196,0.199,0.198,0.199,0.194,0.195,0.565,0.261,0.43,0.899,0.992,1.159
36.5,2190,36:29:20,0.087,0.245,0.245,0.247,0.247,0.243,0.242,0.795,0.689,0.685,0.712,0.666,0.619,0.157,0.157,0.157,0.159,0.158,0.16,0.161,0.163,0.16,0.161,0.164,0.166,0.948,0.894,0.987,0.89,0.897,0.919,0.29,0.29,0.292,0.294,0.293,0.292,0.196,0.199,0.198,0.199,0.194,0.195,0.573,0.271,0.447,0.646,0.953,1.147
36.66667,2200,36:39:20,0.087,0.245,0.245,0.247,0.247,0.244,0.242,0.805,0.699,0.686,0.719,0.684,0.632,0.157,0.157,0.157,0.159,0.158,0.16,0.161,0.164,0.16,0.161,0.164,0.167,0.957,0.894,0.985,0.894,0.91,0.923,0.291,0.29,0.292,0.294,0.293,0.293,0.195,0.198,0.197,0.198,0.194,0.195,0.571,0.281,0.451,0.606,0.967,1.13
36.83333,2210,36:49:20,0.087,0.245,0.245,0.247,0.247,0.244,0.242,0.814,0.709,0.691,0.731,0.678,0.635,0.158,0.157,0.158,0.159,0.159,0.16,0.162,0.164,0.161,0.162,0.165,0.167,0.968,0.904,0.993,0.897,0.915,0.93,0.291,0.29,0.292,0.294,0.293,0.293,0.195,0.198,0.197,0.198,0.193,0.195,0.568,0.292,0.486,0.518,1.004,1.139
37,2220,36:59:20,0.087,0.245,0.245,0.247,0.247,0.243,0.242,0.822,0.711,0.695,0.729,0.679,0.634,0.158,0.158,0.158,0.16,0.159,0.16,0.162,0.165,0.161,0.162,0.165,0.168,0.975,0.913,0.99,0.903,0.915,0.932,0.291,0.29,0.292,0.294,0.294,0.293,0.195,0.198,0.197,0.198,0.193,0.194,0.569,0.595,0.425,0.485,1.07,0.953
37.16667,2230,37:09:20,0.087,0.245,0.245,0.247,0.247,0.243,0.242,0.828,0.718,0.697,0.727,0.678,0.62,0.158,0.157,0.158,0.159,0.159,0.16,0.163,0.165,0.162,0.163,0.165,0.168,0.974,0.918,1,0.895,0.903,0.931,0.291,0.29,0.292,0.294,0.293,0.293,0.194,0.198,0.197,0.198,0.193,0.194,0.551,0.776,0.426,0.466,0.897,0.989
37.33333,2240,37:19:20,0.087,0.245,0.245,0.247,0.247,0.243,0.242,0.837,0.705,0.699,0.731,0.677,0.629,0.158,0.158,0.158,0.16,0.159,0.161,0.163,0.166,0.162,0.163,0.166,0.168,0.974,0.917,1.002,0.895,0.898,0.933,0.291,0.291,0.292,0.294,0.294,0.293,0.195,0.197,0.196,0.198,0.193,0.194,0.544,0.773,0.424,0.453,0.751,0.963
37.5,2250,37:29:20,0.087,0.245,0.246,0.247,0.247,0.244,0.242,0.84,0.706,0.706,0.731,0.676,0.622,0.159,0.158,0.159,0.16,0.16,0.161,0.164,0.166,0.163,0.164,0.167,0.169,0.974,0.922,0.999,0.895,0.904,0.934,0.292,0.291,0.292,0.294,0.294,0.293,0.195,0.198,0.197,0.198,0.193,0.194,0.541,0.759,0.424,0.443,1.036,1.099
37.66667,2260,37:39:20,0.087,0.245,0.245,0.247,0.247,0.244,0.243,0.847,0.71,0.702,0.734,0.682,0.622,0.159,0.159,0.159,0.16,0.16,0.161,0.164,0.166,0.163,0.164,0.167,0.17,0.975,0.934,1.003,0.897,0.914,0.934,0.292,0.291,0.293,0.295,0.294,0.294,0.195,0.198,0.197,0.198,0.193,0.194,0.55,0.754,0.421,0.421,0.964,0.855
37.83333,2270,37:49:20,0.087,0.246,0.246,0.247,0.247,0.244,0.243,0.849,0.723,0.707,0.739,0.677,0.624,0.159,0.159,0.159,0.161,0.16,0.161,0.164,0.167,0.163,0.165,0.167,0.17,0.984,0.942,1.008,0.905,0.924,0.939,0.292,0.292,0.293,0.295,0.295,0.294,0.195,0.197,0.196,0.198,0.193,0.194,0.558,0.743,0.419,0.417,1,1.06
38,2280,37:59:20,0.087,0.245,0.246,0.247,0.247,0.244,0.243,0.856,0.716,0.706,0.739,0.675,0.618,0.159,0.159,0.159,0.161,0.16,0.162,0.165,0.167,0.163,0.165,0.167,0.171,0.987,0.951,1.005,0.896,0.917,0.939,0.292,0.292,0.293,0.295,0.295,0.294,0.194,0.197,0.196,0.198,0.192,0.194,0.545,0.734,0.432,0.462,0.989,0.941
38.16667,2290,38:09:20,0.087,0.246,0.246,0.248,0.247,0.244,0.243,0.861,0.722,0.711,0.741,0.679,0.619,0.16,0.159,0.16,0.161,0.161,0.162,0.165,0.167,0.164,0.165,0.168,0.171,0.991,0.955,1.001,0.903,0.919,0.947,0.293,0.293,0.294,0.296,0.296,0.295,0.194,0.197,0.196,0.198,0.192,0.194,0.555,0.74,0.447,0.444,0.884,0.84
38.33333,2300,38:19:20,0.087,0.246,0.246,0.247,0.247,0.244,0.242,0.859,0.725,0.714,0.744,0.682,0.623,0.16,0.159,0.16,0.161,0.161,0.162,0.165,0.167,0.164,0.165,0.168,0.171,0.988,0.953,1.002,0.906,0.922,0.95,0.293,0.293,0.294,0.296,0.295,0.295,0.194,0.197,0.196,0.197,0.192,0.194,0.548,0.734,0.535,0.469,0.974,1.031
38.5,2310,38:29:20,0.087,0.246,0.247,0.247,0.248,0.244,0.243,0.864,0.73,0.713,0.749,0.679,0.628,0.16,0.16,0.16,0.162,0.161,0.162,0.166,0.168,0.164,0.166,0.169,0.172,0.98,0.954,1.007,0.898,0.922,0.953,0.293,0.293,0.295,0.296,0.296,0.295,0.194,0.197,0.196,0.197,0.192,0.194,0.54,0.729,0.52,0.49,1.017,0.936
38.66667,2320,38:39:20,0.087,0.247,0.247,0.248,0.248,0.245,0.244,0.865,0.743,0.717,0.747,0.687,0.636,0.16,0.16,0.161,0.162,0.161,0.163,0.166,0.168,0.165,0.166,0.169,0.172,0.989,0.961,1.01,0.901,0.93,0.96,0.294,0.294,0.296,0.297,0.297,0.296,0.194,0.196,0.196,0.197,0.192,0.194,0.545,0.721,0.584,0.457,0.92,0.94
38.83333,2330,38:49:20,0.087,0.247,0.247,0.248,0.248,0.245,0.244,0.87,0.743,0.724,0.756,0.684,0.645,0.161,0.16,0.161,0.162,0.162,0.163,0.167,0.168,0.165,0.167,0.169,0.172,0.999,0.974,1.014,0.911,0.941,0.96,0.295,0.294,0.296,0.298,0.297,0.296,0.194,0.196,0.196,0.197,0.192,0.193,0.552,0.722,0.611,0.455,1.004,0.942
39,2340,38:59:20,0.087,0.248,0.248,0.249,0.249,0.246,0.244,0.872,0.753,0.732,0.744,0.691,0.659,0.161,0.16,0.162,0.163,0.162,0.163,0.167,0.169,0.165,0.167,0.17,0.173,1.004,0.978,1.017,0.928,0.955,0.971,0.296,0.295,0.298,0.299,0.298,0.297,0.194,0.196,0.195,0.197,0.192,0.194,0.543,0.716,0.612,0.446,0.998,0.853
39.16667,2350,39:09:20,0.087,0.247,0.247,0.248,0.248,0.245,0.244,0.88,0.753,0.733,0.754,0.681,0.64,0.161,0.161,0.161,0.163,0.162,0.163,0.167,0.169,0.165,0.167,0.17,0.173,1.013,0.988,1.018,0.918,0.96,0.968,0.295,0.294,0.296,0.297,0.297,0.296,0.194,0.196,0.196,0.197,0.192,0.193,0.543,0.707,0.61,0.467,1.003,0.887
39.33333,2360,39:19:20,0.087,0.247,0.247,0.248,0.249,0.245,0.244,0.88,0.755,0.74,0.761,0.688,0.653,0.161,0.161,0.162,0.163,0.162,0.163,0.167,0.169,0.166,0.167,0.17,0.173,1.022,0.989,1.019,0.926,0.959,0.974,0.295,0.295,0.296,0.298,0.298,0.297,0.193,0.196,0.195,0.197,0.191,0.193,0.555,0.712,0.614,0.452,0.991,0.921
39.5,2370,39:29:20,0.087,0.247,0.248,0.248,0.249,0.246,0.244,0.885,0.76,0.745,0.765,0.708,0.668,0.162,0.161,0.162,0.163,0.163,0.164,0.168,0.169,0.166,0.167,0.17,0.173,1.032,0.997,1.02,0.932,0.97,0.979,0.296,0.296,0.298,0.299,0.298,0.298,0.193,0.196,0.195,0.197,0.191,0.193,0.555,0.702,0.612,0.458,0.974,1.004
39.66667,2380,39:39:20,0.087,0.246,0.248,0.248,0.248,0.245,0.244,0.895,0.759,0.741,0.765,0.693,0.65,0.161,0.161,0.162,0.163,0.162,0.164,0.168,0.169,0.165,0.167,0.17,0.172,1.033,1.008,1.019,0.916,0.97,0.986,0.295,0.295,0.297,0.298,0.298,0.296,0.193,0.196,0.195,0.196,0.191,0.193,0.534,0.692,0.597,0.485,0.978,0.887
39.83333,2390,39:49:20,0.087,0.247,0.248,0.248,0.248,0.245,0.244,0.898,0.762,0.745,0.767,0.695,0.653,0.162,0.161,0.162,0.163,0.163,0.164,0.168,0.169,0.166,0.167,0.17,0.173,1.035,1.01,1.016,0.917,0.97,0.994,0.296,0.296,0.297,0.299,0.299,0.298,0.193,0.196,0.195,0.196,0.191,0.192,0.541,0.699,0.607,0.482,0.922,0.766
40,2400,39:59:20,0.087,0.248,0.248,0.248,0.249,0.247,0.244,0.91,0.771,0.747,0.777,0.698,0.661,0.162,0.162,0.163,0.164,0.163,0.165,0.168,0.169,0.166,0.168,0.17,0.173,1.035,1.019,1.019,0.907,0.979,0.997,0.297,0.297,0.298,0.3,0.299,0.298,0.193,0.196,0.195,0.196,0.191,0.193,0.537,0.691,0.607,0.495,0.964,0.912
40.16667,2410,40:09:20,0.087,0.247,0.247,0.248,0.249,0.245,0.245,0.886,0.77,0.749,0.776,0.707,0.653,0.163,0.162,0.163,0.164,0.163,0.165,0.168,0.169,0.166,0.168,0.17,0.173,1.039,1.033,1.017,0.892,0.979,0.995,0.296,0.296,0.298,0.3,0.299,0.298,0.193,0.196,0.195,0.196,0.191,0.193,0.538,0.683,0.603,0.513,0.975,0.81
40.33333,2420,40:19:20,0.087,0.247,0.247,0.248,0.249,0.245,0.245,0.887,0.754,0.75,0.778,0.692,0.649,0.163,0.162,0.163,0.164,0.163,0.165,0.168,0.169,0.166,0.167,0.17,0.173,1.03,1.035,1.012,0.88,0.975,0.994,0.296,0.296,0.298,0.3,0.299,0.298,0.193,0.196,0.195,0.196,0.191,0.193,0.529,0.677,0.598,0.532,0.941,0.875
40.5,2430,40:29:20,0.087,0.247,0.248,0.248,0.25,0.247,0.244,0.87,0.767,0.762,0.785,0.703,0.667,0.163,0.162,0.163,0.164,0.164,0.165,0.168,0.169,0.166,0.168,0.171,0.173,1.028,1.039,1.017,0.902,0.983,1.003,0.298,0.298,0.3,0.301,0.3,0.299,0.192,0.195,0.195,0.196,0.191,0.192,0.537,0.682,0.53,0.534,0.997,1.012
40.66667,2440,40:39:20,0.087,0.247,0.249,0.248,0.249,0.246,0.244,0.868,0.775,0.767,0.786,0.708,0.673,0.163,0.162,0.163,0.164,0.164,0.165,0.168,0.169,0.166,0.168,0.17,0.173,1.035,1.037,1.015,0.908,0.984,1.003,0.298,0.298,0.299,0.301,0.3,0.299,0.192,0.195,0.194,0.196,0.19,0.192,0.537,0.678,0.454,0.542,0.969,0.726
40.83333,2450,40:49:20,0.087,0.248,0.248,0.248,0.249,0.246,0.245,0.872,0.781,0.77,0.792,0.721,0.681,0.163,0.162,0.164,0.165,0.164,0.165,0.168,0.169,0.166,0.168,0.171,0.173,1.045,1.047,1.024,0.918,0.99,1.008,0.298,0.298,0.3,0.301,0.3,0.299,0.192,0.195,0.194,0.196,0.19,0.192,0.532,0.675,0.465,0.548,0.916,0.869
41,2460,40:59:20,0.087,0.247,0.248,0.249,0.249,0.246,0.245,0.883,0.779,0.769,0.79,0.717,0.687,0.163,0.162,0.164,0.165,0.164,0.165,0.168,0.169,0.166,0.168,0.171,0.173,1.045,1.047,1.026,0.906,0.996,1.006,0.298,0.298,0.299,0.301,0.3,0.299,0.192,0.195,0.194,0.196,0.19,0.192,0.533,0.674,0.243,0.549,0.911,0.966
41.16667,2470,41:09:20,0.087,0.247,0.248,0.248,0.249,0.246,0.245,0.888,0.787,0.772,0.789,0.721,0.683,0.163,0.163,0.164,0.165,0.164,0.165,0.168,0.169,0.166,0.168,0.171,0.173,1.044,1.045,1.03,0.901,0.996,1.004,0.298,0.298,0.3,0.301,0.3,0.299,0.192,0.195,0.194,0.196,0.19,0.192,0.54,0.67,0.292,0.547,0.943,0.708
41.33333,2480,41:19:20,0.087,0.247,0.247,0.248,0.25,0.246,0.245,0.896,0.786,0.774,0.789,0.73,0.678,0.163,0.162,0.164,0.165,0.164,0.165,0.168,0.169,0.166,0.168,0.171,0.173,1.05,1.052,1.028,0.908,1.003,1.006,0.298,0.298,0.3,0.301,0.3,0.3,0.192,0.195,0.194,0.196,0.19,0.192,0.535,0.669,0.327,0.556,0.943,0.891
41.5,2490,41:29:20,0.087,0.247,0.248,0.248,0.249,0.245,0.246,0.898,0.789,0.773,0.798,0.73,0.68,0.164,0.163,0.164,0.165,0.164,0.166,0.169,0.17,0.166,0.168,0.171,0.174,1.053,1.051,1.023,0.913,1.004,1.003,0.299,0.299,0.301,0.302,0.301,0.3,0.192,0.194,0.194,0.195,0.19,0.192,0.533,0.668,0.341,0.562,0.97,0.868
41.66667,2500,41:39:20,0.087,0.248,0.248,0.248,0.249,0.246,0.244,0.902,0.79,0.768,0.798,0.731,0.673,0.164,0.163,0.164,0.165,0.164,0.166,0.169,0.17,0.166,0.168,0.171,0.174,1.057,1.055,1.017,0.897,0.997,0.994,0.298,0.298,0.3,0.301,0.3,0.3,0.191,0.194,0.194,0.195,0.19,0.192,0.526,0.673,0.325,0.549,0.919,0.615
41.83333,2510,41:49:20,0.087,0.249,0.249,0.249,0.25,0.247,0.245,0.902,0.803,0.777,0.804,0.734,0.689,0.164,0.163,0.164,0.166,0.165,0.166,0.169,0.17,0.167,0.168,0.171,0.174,1.049,1.053,1.014,0.899,1,0.996,0.299,0.299,0.301,0.302,0.301,0.301,0.192,0.194,0.194,0.195,0.19,0.192,0.536,0.669,0.349,0.579,0.944,0.764
42,2520,41:59:20,0.087,0.249,0.249,0.248,0.25,0.247,0.245,0.908,0.806,0.782,0.813,0.742,0.703,0.164,0.164,0.165,0.166,0.165,0.166,0.169,0.17,0.167,0.168,0.171,0.174,1.053,1.058,1.008,0.913,1.004,0.993,0.301,0.301,0.302,0.303,0.302,0.301,0.191,0.194,0.194,0.195,0.19,0.192,0.533,0.667,0.371,0.588,0.939,0.809
42.16667,2530,42:09:20,0.087,0.249,0.248,0.249,0.25,0.246,0.245,0.916,0.814,0.78,0.814,0.751,0.705,0.164,0.163,0.165,0.166,0.165,0.166,0.169,0.17,0.166,0.168,0.171,0.174,1.052,1.058,0.99,0.912,1.008,0.994,0.301,0.301,0.302,0.303,0.302,0.301,0.191,0.194,0.194,0.195,0.19,0.192,0.521,0.665,0.378,0.589,0.928,0.716
42.33333,2540,42:19:20,0.088,0.248,0.248,0.249,0.249,0.247,0.245,0.93,0.824,0.777,0.816,0.757,0.707,0.165,0.163,0.165,0.166,0.165,0.167,0.169,0.17,0.167,0.169,0.171,0.174,1.053,1.059,1.001,0.904,1.007,0.985,0.3,0.3,0.302,0.303,0.302,0.301,0.191,0.194,0.193,0.195,0.189,0.192,0.523,0.668,0.375,0.591,0.878,0.753
42.5,2550,42:29:20,0.087,0.248,0.248,0.248,0.249,0.246,0.246,0.938,0.824,0.777,0.808,0.757,0.71,0.164,0.163,0.165,0.166,0.165,0.166,0.169,0.17,0.167,0.168,0.171,0.174,1.052,1.057,1.005,0.899,1.008,0.984,0.3,0.3,0.301,0.303,0.302,0.301,0.191,0.194,0.193,0.195,0.189,0.191,0.521,0.667,0.383,0.598,0.885,0.831
42.66667,2560,42:39:20,0.087,0.248,0.247,0.247,0.249,0.245,0.244,0.942,0.828,0.763,0.8,0.744,0.687,0.164,0.163,0.165,0.165,0.165,0.166,0.169,0.17,0.166,0.168,0.171,0.173,1.041,1.057,0.995,0.881,1.001,0.967,0.299,0.299,0.3,0.302,0.301,0.3,0.191,0.194,0.193,0.195,0.189,0.191,0.503,0.676,0.342,0.588,0.917,0.807
42.83333,2570,42:49:20,0.087,0.247,0.247,0.248,0.249,0.245,0.245,0.928,0.815,0.757,0.801,0.735,0.669,0.164,0.163,0.165,0.166,0.165,0.166,0.169,0.169,0.166,0.168,0.171,0.173,1.028,1.04,0.986,0.866,0.985,0.947,0.299,0.299,0.301,0.302,0.301,0.3,0.191,0.193,0.193,0.195,0.189,0.191,0.499,0.683,0.337,0.585,0.879,0.581
43,2580,42:59:20,0.087,0.248,0.248,0.248,0.251,0.247,0.245,0.92,0.816,0.772,0.809,0.751,0.689,0.165,0.164,0.166,0.166,0.165,0.167,0.169,0.17,0.167,0.168,0.171,0.174,1.03,1.044,0.993,0.839,0.991,0.967,0.301,0.301,0.303,0.303,0.303,0.302,0.19,0.193,0.193,0.195,0.189,0.191,0.516,0.674,0.399,0.628,0.964,0.913
43.16667,2590,43:09:20,0.087,0.248,0.248,0.248,0.251,0.246,0.245,0.932,0.825,0.778,0.813,0.754,0.698,0.165,0.164,0.166,0.166,0.166,0.167,0.17,0.17,0.167,0.168,0.171,0.174,1.036,1.046,0.995,0.855,0.992,0.954,0.302,0.302,0.303,0.304,0.303,0.302,0.191,0.193,0.193,0.195,0.189,0.191,0.512,0.674,0.376,0.63,0.955,0.826
43.33333,2600,43:19:20,0.087,0.248,0.248,0.248,0.25,0.247,0.246,0.947,0.838,0.781,0.821,0.762,0.707,0.165,0.164,0.166,0.166,0.166,0.167,0.169,0.17,0.167,0.168,0.172,0.174,1.032,1.044,0.996,0.862,0.99,0.958,0.302,0.302,0.303,0.304,0.303,0.302,0.19,0.193,0.193,0.195,0.189,0.191,0.509,0.674,0.386,0.643,0.942,0.833
43.5,2610,43:29:20,0.087,0.247,0.247,0.248,0.249,0.246,0.245,0.944,0.838,0.774,0.82,0.75,0.703,0.165,0.164,0.165,0.166,0.166,0.167,0.169,0.17,0.166,0.168,0.171,0.173,1.018,1.03,0.992,0.835,0.989,0.927,0.301,0.301,0.302,0.304,0.303,0.302,0.19,0.193,0.193,0.195,0.189,0.191,0.5,0.682,0.357,0.646,0.836,0.785
43.66667,2620,43:39:20,0.087,0.247,0.247,0.248,0.249,0.246,0.244,0.935,0.84,0.775,0.818,0.739,0.703,0.165,0.164,0.165,0.166,0.165,0.167,0.169,0.169,0.166,0.168,0.171,0.173,1.01,1.021,0.99,0.823,0.994,0.927,0.301,0.301,0.302,0.304,0.303,0.302,0.19,0.193,0.193,0.194,0.188,0.191,0.495,0.685,0.359,0.675,0.76,0.79
43.83333,2630,43:49:20,0.087,0.247,0.248,0.248,0.25,0.246,0.244,0.939,0.847,0.785,0.824,0.753,0.714,0.165,0.165,0.166,0.167,0.166,0.167,0.169,0.17,0.167,0.168,0.172,0.174,1.017,1.029,0.996,0.847,0.984,0.934,0.303,0.303,0.304,0.304,0.304,0.303,0.19,0.193,0.193,0.194,0.189,0.191,0.509,0.673,0.395,0.718,0.902,0.916
44,2640,43:59:20,0.087,0.248,0.248,0.249,0.251,0.247,0.246,0.943,0.847,0.789,0.83,0.762,0.721,0.166,0.165,0.166,0.167,0.166,0.167,0.17,0.17,0.167,0.169,0.172,0.174,1.022,1.028,0.999,0.875,0.994,0.935,0.305,0.304,0.305,0.305,0.305,0.304,0.19,0.193,0.193,0.194,0.189,0.191,0.506,0.67,0.419,0.764,0.973,0.792
44.16667,2650,44:09:20,0.087,0.248,0.249,0.248,0.25,0.246,0.245,0.95,0.851,0.792,0.839,0.761,0.728,0.166,0.165,0.166,0.167,0.166,0.168,0.169,0.17,0.167,0.168,0.171,0.174,1.02,1.024,1.002,0.882,0.972,0.935,0.304,0.304,0.304,0.305,0.305,0.304,0.19,0.193,0.193,0.194,0.188,0.191,0.507,0.672,0.381,0.845,0.951,0.819
44.33333,2660,44:19:20,0.087,0.248,0.249,0.248,0.25,0.247,0.248,0.951,0.864,0.802,0.848,0.764,0.739,0.166,0.165,0.166,0.167,0.166,0.167,0.169,0.17,0.167,0.168,0.172,0.174,1.024,1.024,1.006,0.896,0.977,0.95,0.305,0.305,0.306,0.305,0.306,0.304,0.19,0.193,0.192,0.194,0.188,0.19,0.514,0.667,0.419,0.933,0.775,0.978
44.5,2670,44:29:20,0.087,0.249,0.248,0.248,0.25,0.247,0.247,0.948,0.872,0.803,0.848,0.765,0.736,0.166,0.165,0.166,0.167,0.167,0.167,0.17,0.17,0.167,0.168,0.172,0.174,1.017,1.008,1.01,0.9,0.975,0.933,0.305,0.305,0.306,0.305,0.305,0.304,0.19,0.193,0.192,0.194,0.188,0.19,0.515,0.667,0.409,0.988,0.733,0.864
44.66667,2680,44:39:20,0.087,0.249,0.248,0.248,0.251,0.247,0.244,0.963,0.881,0.801,0.853,0.767,0.719,0.166,0.165,0.167,0.167,0.166,0.168,0.17,0.17,0.167,0.169,0.172,0.174,1.024,1.012,1.007,0.917,0.974,0.931,0.304,0.304,0.305,0.305,0.305,0.304,0.19,0.193,0.192,0.194,0.188,0.191,0.503,0.667,0.406,1.002,0.638,0.936
44.83333,2690,44:49:20,0.087,0.249,0.248,0.248,0.25,0.246,0.245,0.967,0.885,0.797,0.852,0.746,0.714,0.166,0.165,0.166,0.167,0.167,0.168,0.169,0.17,0.167,0.168,0.171,0.174,1.013,1.001,0.981,0.905,0.946,0.923,0.303,0.303,0.304,0.305,0.305,0.304,0.189,0.192,0.192,0.194,0.188,0.19,0.495,0.674,0.395,1.011,0.569,0.757
45,2700,44:59:20,0.087,0.246,0.248,0.248,0.25,0.246,0.244,0.97,0.888,0.792,0.85,0.734,0.722,0.166,0.165,0.166,0.167,0.166,0.168,0.169,0.17,0.167,0.168,0.171,0.173,1.018,1.002,0.963,0.876,0.951,0.921,0.304,0.304,0.305,0.305,0.305,0.304,0.189,0.192,0.192,0.193,0.188,0.19,0.496,0.673,0.394,1.003,0.554,0.73
45.16667,2710,45:09:20,0.087,0.247,0.247,0.249,0.249,0.246,0.244,0.967,0.885,0.793,0.854,0.722,0.722,0.166,0.165,0.167,0.167,0.166,0.168,0.17,0.17,0.167,0.168,0.171,0.174,1.004,0.989,0.941,0.873,0.955,0.912,0.304,0.304,0.305,0.306,0.305,0.304,0.189,0.192,0.192,0.194,0.188,0.19,0.497,0.676,0.383,0.92,0.571,0.845
45.33333,2720,45:19:20,0.087,0.247,0.247,0.248,0.249,0.246,0.244,0.959,0.887,0.782,0.849,0.722,0.713,0.166,0.165,0.166,0.167,0.167,0.168,0.169,0.169,0.167,0.168,0.171,0.173,0.999,0.981,0.922,0.86,0.953,0.878,0.303,0.303,0.304,0.305,0.305,0.304,0.189,0.192,0.192,0.194,0.188,0.19,0.485,0.687,0.379,0.854,0.54,0.624
45.5,2730,45:29:20,0.087,0.247,0.247,0.247,0.249,0.246,0.245,0.946,0.879,0.769,0.829,0.719,0.707,0.166,0.165,0.166,0.167,0.166,0.168,0.169,0.169,0.166,0.168,0.171,0.173,0.992,0.978,0.907,0.837,0.954,0.862,0.303,0.303,0.305,0.305,0.305,0.304,0.189,0.192,0.192,0.193,0.187,0.19,0.485,0.687,0.381,0.822,0.419,0.575
45.66667,2740,45:39:20,0.087,0.248,0.248,0.249,0.25,0.247,0.245,0.936,0.878,0.776,0.829,0.737,0.725,0.167,0.165,0.167,0.167,0.167,0.168,0.17,0.17,0.167,0.169,0.172,0.174,0.994,0.983,0.923,0.856,0.965,0.888,0.306,0.306,0.307,0.307,0.306,0.305,0.189,0.192,0.192,0.194,0.187,0.19,0.498,0.675,0.452,0.849,0.544,0.87
45.83333,2750,45:49:20,0.087,0.248,0.248,0.248,0.25,0.247,0.244,0.949,0.88,0.777,0.835,0.739,0.731,0.167,0.165,0.167,0.167,0.167,0.168,0.17,0.17,0.167,0.168,0.172,0.174,0.994,0.969,0.907,0.853,0.958,0.869,0.305,0.305,0.306,0.306,0.306,0.305,0.189,0.192,0.192,0.193,0.187,0.19,0.492,0.676,0.408,0.812,0.412,0.85
46,2760,45:59:20,0.087,0.247,0.247,0.247,0.248,0.246,0.244,0.956,0.881,0.748,0.828,0.717,0.706,0.166,0.165,0.167,0.167,0.166,0.168,0.169,0.169,0.166,0.168,0.171,0.173,0.956,0.952,0.895,0.816,0.937,0.827,0.304,0.304,0.305,0.306,0.305,0.304,0.189,0.191,0.191,0.193,0.187,0.19,0.471,0.693,0.378,0.986,0.425,0.626
46.16667,2770,46:09:20,0.087,0.247,0.248,0.248,0.25,0.246,0.245,0.946,0.881,0.758,0.825,0.732,0.721,0.166,0.165,0.167,0.167,0.166,0.168,0.169,0.17,0.167,0.168,0.171,0.174,0.97,0.968,0.909,0.825,0.941,0.841,0.306,0.306,0.306,0.306,0.306,0.305,0.188,0.191,0.191,0.193,0.187,0.189,0.486,0.677,0.436,1.029,0.844,0.909
46.33333,2780,46:19:20,0.087,0.246,0.248,0.248,0.25,0.247,0.244,0.951,0.882,0.758,0.821,0.737,0.726,0.167,0.165,0.167,0.167,0.166,0.168,0.169,0.17,0.167,0.168,0.171,0.174,0.954,0.97,0.914,0.819,0.932,0.833,0.305,0.305,0.306,0.307,0.306,0.305,0.188,0.191,0.191,0.193,0.187,0.189,0.483,0.681,0.426,0.931,0.652,0.792
46.5,2790,46:29:20,0.087,0.248,0.248,0.247,0.248,0.247,0.244,0.965,0.891,0.752,0.825,0.742,0.728,0.167,0.165,0.167,0.167,0.167,0.168,0.169,0.17,0.167,0.168,0.171,0.174,0.951,0.958,0.915,0.8,0.922,0.804,0.305,0.305,0.305,0.307,0.306,0.305,0.188,0.191,0.191,0.193,0.186,0.189,0.479,0.685,0.407,0.652,0.318,0.83
46.66667,2800,46:39:20,0.087,0.247,0.248,0.248,0.249,0.247,0.244,0.969,0.896,0.758,0.832,0.747,0.731,0.167,0.165,0.167,0.167,0.167,0.168,0.169,0.17,0.167,0.169,0.171,0.174,0.954,0.97,0.933,0.814,0.936,0.83,0.307,0.307,0.307,0.307,0.307,0.305,0.188,0.191,0.191,0.193,0.186,0.189,0.489,0.676,0.436,0.575,0.331,0.809
46.83333,2810,46:49:20,0.087,0.247,0.248,0.247,0.25,0.247,0.247,0.973,0.889,0.77,0.841,0.75,0.733,0.167,0.165,0.167,0.168,0.167,0.168,0.17,0.17,0.167,0.169,0.171,0.174,0.956,0.982,0.942,0.819,0.936,0.824,0.307,0.306,0.306,0.307,0.307,0.305,0.188,0.191,0.191,0.193,0.186,0.189,0.486,0.675,0.444,0.704,0.388,0.937
47,2820,46:59:20,0.087,0.248,0.248,0.248,0.249,0.247,0.247,0.974,0.89,0.773,0.855,0.755,0.74,0.167,0.166,0.167,0.168,0.167,0.168,0.17,0.17,0.167,0.169,0.172,0.174,0.953,0.99,0.944,0.828,0.943,0.831,0.308,0.307,0.308,0.308,0.308,0.306,0.188,0.191,0.191,0.193,0.186,0.189,0.489,0.669,0.474,1.017,0.696,0.92
47.16667,2830,47:09:20,0.087,0.247,0.247,0.248,0.25,0.247,0.247,0.988,0.892,0.778,0.847,0.756,0.744,0.167,0.166,0.167,0.168,0.167,0.168,0.17,0.17,0.167,0.168,0.172,0.174,0.954,0.994,0.931,0.805,0.95,0.806,0.308,0.308,0.307,0.308,0.308,0.306,0.188,0.191,0.191,0.193,0.186,0.189,0.493,0.67,0.465,0.965,0.358,0.928
47.33333,2840,47:19:20,0.087,0.246,0.248,0.247,0.25,0.247,0.245,0.98,0.912,0.776,0.858,0.753,0.743,0.167,0.165,0.167,0.167,0.167,0.168,0.169,0.17,0.167,0.168,0.171,0.174,0.954,1.007,0.931,0.793,0.949,0.788,0.308,0.307,0.307,0.307,0.307,0.306,0.188,0.191,0.19,0.192,0.186,0.188,0.484,0.665,0.455,0.953,0.448,0.832
47.5,2850,47:29:20,0.087,0.246,0.247,0.247,0.249,0.246,0.245,0.98,0.916,0.757,0.843,0.73,0.723,0.167,0.165,0.167,0.168,0.167,0.168,0.169,0.169,0.166,0.168,0.171,0.173,0.932,1.003,0.904,0.761,0.918,0.752,0.306,0.306,0.307,0.308,0.307,0.306,0.188,0.191,0.19,0.192,0.185,0.188,0.471,0.675,0.412,0.582,0.36,0.791
47.66667,2860,47:39:20,0.087,0.246,0.247,0.247,0.249,0.246,0.244,0.952,0.907,0.743,0.832,0.704,0.727,0.167,0.165,0.167,0.168,0.167,0.168,0.169,0.17,0.167,0.168,0.171,0.174,0.913,1.002,0.885,0.733,0.886,0.711,0.306,0.306,0.307,0.308,0.307,0.306,0.188,0.19,0.191,0.192,0.186,0.188,0.466,0.674,0.413,0.919,0.526,0.725
47.83333,2870,47:49:20,0.087,0.245,0.246,0.246,0.249,0.245,0.243,0.933,0.901,0.726,0.814,0.703,0.709,0.167,0.165,0.167,0.167,0.167,0.168,0.169,0.169,0.166,0.168,0.171,0.173,0.86,0.988,0.861,0.71,0.843,0.677,0.306,0.306,0.307,0.308,0.307,0.306,0.188,0.19,0.19,0.192,0.185,0.188,0.458,0.685,0.398,0.43,0.387,0.508
48,2880,47:59:20,0.087,0.248,0.247,0.248,0.25,0.247,0.246,0.945,0.914,0.744,0.821,0.727,0.734,0.167,0.165,0.167,0.168,0.167,0.168,0.17,0.17,0.167,0.169,0.171,0.174,0.878,1.007,0.878,0.742,0.88,0.723,0.308,0.307,0.308,0.31,0.308,0.306,0.187,0.19,0.19,0.192,0.185,0.188,0.483,0.671,0.487,0.414,0.662,0.958
48.16667,2890,48:09:20,0.087,0.247,0.247,0.248,0.249,0.247,0.244,0.959,0.918,0.753,0.83,0.74,0.743,0.167,0.165,0.167,0.168,0.167,0.168,0.169,0.17,0.167,0.168,0.171,0.173,0.868,1.001,0.877,0.721,0.874,0.693,0.308,0.307,0.307,0.309,0.308,0.306,0.187,0.19,0.19,0.192,0.185,0.188,0.476,0.671,0.454,0.552,0.368,0.865