Condition,timefit,Time,Gate,TOF,Extinction,Green,logGreen
CM25,24,T24,R4,2431,3070,3670,8.207946941
CM25,24,T24,R5,1767,2666,95.8,4.562262685
CM25,24,T24,R5,2562,3314,77.5,4.350277936
CM25,24,T24,R4,2536,2748,4227,8.349247801
CM25,24,T24,R5,1995,2897,337,5.82008293
CM25,24,T24,R5,2340,2937,248,5.513428746
CM25,24,T24,R5,2357,2687,344,5.840641657
CM25,24,T24,R5,2058,2571,178,5.18178355
CM25,24,T24,R5,1603,1742,127,4.844187086
CM25,24,T24,R5,2263,3044,87.4,4.470495283
CM25,24,T24,R4,2484,2425,4176,8.33710913
CM25,24,T24,R4,1695,1841,2507,7.826842098
CM25,24,T24,R5,2428,3495,417,6.033086222
CM25,24,T24,R4,2382,2797,1956,7.578656851
CM25,24,T24,R4,1574,2089,2932,7.983440063
CM25,24,T24,R4,2816,2351,1335,7.196686571
CM25,24,T24,R4,1907,2304,3710,8.218787156
CM25,24,T24,R4,2670,3591,3122,8.046229101
CM25,24,T24,R4,1933,2288,3332,8.111328003
CM25,24,T24,R5,2498,2953,81.1,4.395682961
CM25,24,T24,R2,1787,2568,612,6.416732283
CM25,24,T24,R4,1799,2696,1717,7.448333861
CM25,24,T24,R2,1552,2021,69.5,4.241326753
CM25,24,T24,R3,2846,2654,53.2,3.974058396
CM25,24,T24,R4,2106,1748,1916,7.557994959
CM25,24,T24,R4,2224,2127,3177,8.063692634
CM25,24,T24,R4,2297,2119,3907,8.270525095
CM25,24,T24,R3,1788,1543,21.8,3.08190997
CM25,24,T24,R4,1627,1900,2146,7.671360923
CM25,24,T24,R5,2049,2607,61.7,4.122283931
CM25,24,T24,R5,2397,2597,346,5.846438775
CM25,24,T24,R4,2759,1950,1865,7.531016332
CM25,24,T24,R4,2190,2424,3935,8.277666161
CM25,24,T24,R4,2423,2615,3276,8.094378445
CM25,24,T24,R4,2233,2639,2384,7.776535028
CM25,24,T24,R4,2209,2124,1749,7.466799475
CM25,24,T24,R2,2789,2602,859,6.755768922
CM25,24,T24,R4,2130,2594,3944,8.279950716
CM25,24,T24,R4,2531,2988,3146,8.053887084
CM25,24,T24,R4,2232,2097,2619,7.870547845
CM25,24,T24,R5,1972,2639,73.3,4.294560609
CM25,24,T24,R4,2272,2469,3337,8.112827479
CM25,24,T24,R4,1678,2033,2530,7.835974582
CM25,24,T24,R4,2140,2565,3853,8.256607345
CM25,24,T24,R2,2801,2493,1206,7.095064377
CM25,24,T24,R5,2609,2725,240,5.480638923
CM25,24,T24,R4,2462,2652,2818,7.943782692
CM25,24,T24,R4,2121,2612,3951,8.28172399
CM25,24,T24,R2,2794,2806,943,6.849066283
CM25,24,T24,R5,2357,2441,452,6.11368218
CM25,24,T24,R5,2635,2425,384,5.950642553
CM25,24,T24,R5,2116,1470,100,4.605170186
CM25,24,T24,R4,2956,3880,3553,8.175547596
CM25,24,T24,R5,2350,2976,54.5,3.998200702
CM25,24,T24,R3,2260,2027,41.5,3.725693427
CM25,24,T24,R4,2586,2323,3979,8.28878581
CM25,24,T24,R4,2001,2883,3855,8.257126286
CM25,24,T24,R5,2309,2300,92.6,4.528289142
CM25,24,T24,R4,2659,2722,1715,7.44716836
CM25,24,T24,R4,1855,1651,1808,7.499976541
CM25,24,T24,R4,2465,2208,1348,7.206377291
CM25,24,T24,R4,2020,2953,4029,8.301273485
CM25,24,T24,R4,1833,1956,2503,7.825245291
CM25,24,T24,R2,2054,2267,709,6.563855527
CM25,24,T24,R3,2169,2145,47.6,3.862832761
CM25,24,T24,R4,2351,2235,2811,7.941295571
CM25,24,T24,R4,1992,1868,1701,7.438971592
CM25,24,T24,R5,2358,2877,86.7,4.462453884
CM25,24,T24,R4,1534,2423,2496,7.822444729
CM25,24,T24,R4,1946,2230,3486,8.156510226
CM25,24,T24,R4,1755,2175,1830,7.512071246
CM25,24,T24,R5,2583,2603,504,6.222576268
CM25,24,T24,R4,2838,3354,4211,8.345455428
CM25,24,T24,R4,2848,3039,4669,8.448700195
CM25,24,T24,R4,2302,3314,3060,8.026170195
CM25,24,T24,R4,2365,2726,3421,8.137688185
CM25,24,T24,R4,3205,3926,6106,8.717027173
CM25,24,T24,R4,2671,3033,2104,7.651595574
CM25,24,T24,R4,2666,3140,4237,8.351610751
CM25,24,T24,R5,1990,2299,67.2,4.207673248
CM25,24,T24,R4,2464,3347,2482,7.816819966
CM25,24,T24,R5,1557,2157,211,5.351858133
CM25,24,T24,R4,1748,2079,1923,7.561641746
CM25,24,T24,R4,2060,2349,2855,7.956827122
CM25,24,T24,R5,2682,3135,190,5.247024072
CM25,24,T24,R5,2381,3015,87.2,4.468204331
CM25,24,T24,R4,2698,2977,2457,7.806696373
CM25,24,T24,R4,2167,2712,3681,8.210939733
CM25,24,T24,R4,1996,2248,3445,8.144679183
CM25,24,T24,R5,2496,2461,61.5,4.119037175
CM25,24,T24,R4,2845,2802,3768,8.234299636
CM25,24,T24,R4,2553,3013,4620,8.438149984
CM25,24,T24,R2,1537,2018,751,6.621405652
CM25,24,T24,R4,2425,1633,4270,8.359369106
CM25,24,T24,R5,2420,2523,59.8,4.091005661
CM25,24,T24,R4,2199,3229,2840,7.951559331
CM25,24,T24,R4,1981,1981,2318,7.748460024
CM25,24,T24,R5,2521,3221,257,5.549076085
CM25,24,T24,R4,2594,3007,1549,7.34536484
CM25,24,T24,R2,2271,2661,533,6.278521424
CM25,24,T24,R4,2559,2493,3732,8.224699562
CM25,24,T24,R4,2702,4034,4310,8.368693183
CM25,24,T24,R3,2985,2689,53,3.970291914
CM25,24,T24,R3,2319,2400,39.3,3.671224519
CM25,24,T24,R4,2481,3088,1627,7.394493107
CM25,24,T24,R5,2171,2696,64.4,4.165113633
CM25,24,T24,R5,2065,2820,211,5.351858133
CM25,24,T24,R4,1903,1521,1769,7.478169694
CM25,24,T24,R4,2458,2207,4272,8.359837381
CM25,24,T24,R4,2496,2609,2614,7.868636894
CM25,24,T24,R5,2171,2449,396,5.981414211
CM25,24,T24,R5,2447,2231,126,4.836281907
CM25,24,T24,R5,2380,2739,61.2,4.11414719
CM25,24,T24,R4,2080,2795,2610,7.8671055
CM25,24,T24,R4,2118,2259,3201,8.07121854
CM25,24,T24,R3,2651,2244,42.8,3.756538103
CM25,24,T24,R2,2322,2736,700,6.551080335
CM25,24,T24,R4,2031,2476,4007,8.295798111
CM25,24,T24,R4,2286,2613,3878,8.263074836
CM25,24,T24,R5,2266,2394,314,5.749392986
CM25,24,T24,R5,2052,2121,65.8,4.186619838
CM25,24,T24,R4,1654,2238,2290,7.736307097
CM25,24,T24,R3,2284,1875,34.3,3.535145354
CM25,24,T24,R4,3045,3154,4645,8.443546651
CM25,24,T24,R4,1972,1683,1173,7.067319849
CM25,24,T24,R4,2436,2680,1303,7.172424577
CM25,24,T24,R2,1915,2201,464,6.139884552
CM25,24,T24,R4,2696,3084,4971,8.511376306
CM25,24,T24,R4,2077,1950,2825,7.946263644
CM25,24,T24,R5,2210,2963,76.2,4.333361463
CM25,24,T24,R5,2505,2652,63.7,4.154184563
CM25,24,T24,R4,1982,2875,1258,7.137278437
CM25,24,T24,R5,2437,3120,63.1,4.14472077
CM25,24,T24,R4,2594,2597,3733,8.224967479
CM25,24,T24,R4,2641,3010,2586,7.857867559
CM25,24,T24,R4,2393,2937,2517,7.830822995
CM25,24,T24,R5,2216,2266,57.7,4.055257174
CM25,24,T24,R2,1868,2465,1040,6.946975992
CM25,24,T24,R5,1801,2338,236,5.463831805
CM25,24,T24,R5,2737,3066,83.2,4.421247348
CM25,24,T24,R5,1919,2037,58.7,4.072439727
CM25,24,T24,R4,2591,3220,4705,8.456381052
CM25,24,T24,R5,1842,2132,43,3.761200116
CM25,24,T24,R4,1867,2596,2993,8.004031508
CM25,24,T24,R4,2533,1941,1445,7.275864601
CM25,24,T24,R4,2511,2497,2004,7.602900462
CM25,24,T24,R4,2070,3016,1404,7.247080585
CM25,24,T24,R5,2828,3187,102,4.624972813
CM25,24,T24,R4,1949,2072,2771,7.926963545
CM25,24,T24,R2,2072,2557,1105,7.007600614
CM25,24,T24,R2,2457,3213,745,6.613384218
CM25,24,T24,R4,2600,2624,2546,7.842278779
CM25,24,T24,R4,2414,1983,3865,8.259716961
CM25,24,T24,R4,1568,1803,1380,7.229838778
CM25,24,T24,R5,2210,2311,363,5.894402834
CM25,24,T24,R4,1630,2410,3151,8.055475142
CM25,24,T24,R4,1552,2396,2762,7.923710334
CM25,24,T24,R5,2799,3969,118,4.770684624
CM25,24,T24,R5,2046,2573,105,4.65396035
CM25,24,T24,R4,2366,1614,2521,7.832410927
CM25,24,T24,R4,2505,3137,2589,7.85902698
CM25,24,T24,R2,2254,2660,717,6.575075841
CM25,24,T24,R4,2174,1982,2563,7.848933726
CM25,24,T24,R5,2085,2205,55.4,4.014579594
CM25,24,T24,R4,2363,2250,1669,7.419979924
CM25,24,T24,R4,1921,2560,2773,7.927685046
CM25,24,T24,R4,2246,2652,1529,7.332369206
CM25,24,T24,R4,1651,2327,2858,7.957877358
CM25,24,T24,R4,2023,2312,2825,7.946263644
CM25,24,T24,R5,2261,2331,61.1,4.112511866
CM25,24,T24,R4,2583,3121,3296,8.100464891
CM25,24,T24,R2,1702,2049,838,6.7310181
CM25,24,T24,R4,2134,2438,3871,8.261268151
CM25,24,T24,R5,2838,3619,159,5.068904202
CM25,24,T24,R4,1717,1687,3100,8.03915739
CM25,24,T24,R3,1615,2338,64.7,4.169761202
CM25,24,T24,R4,2486,2591,2086,7.643003636
CM25,24,T24,R4,1840,1579,3220,8.077136639
CM25,24,T24,R5,1781,2231,68.3,4.223909767
CM25,24,T24,R2,2777,2620,1028,6.935370446
CM25,24,T24,R5,2264,2992,81.3,4.398146017
CM25,24,T24,R4,2770,2701,3272,8.093156698
CM25,24,T24,R4,2359,2299,3187,8.066835314
CM25,24,T24,R4,2289,2864,2802,7.938088727
CM25,24,T24,R5,2244,2315,53.3,3.975936331
CM25,24,T24,R4,2183,2589,3316,8.106514516
CM25,24,T24,R5,2154,2357,456,6.12249281
CM25,24,T24,R4,2322,2509,2114,7.656337166
CM25,24,T24,R4,2054,2415,3243,8.084254106
CM25,24,T24,R4,2459,3109,1305,7.17395832
CM25,24,T24,R4,2281,1706,2167,7.681099002
CM25,24,T24,R4,2049,2109,4047,8.305731145
CM25,24,T24,R4,2280,2827,3674,8.209036266
CM25,24,T24,R4,2233,2047,2956,7.991592282
CM25,24,T24,R2,1649,2406,656,6.486160789
CM25,24,T24,R4,1897,2663,3299,8.101374671
CM25,24,T24,R4,2382,2668,3345,8.115221973
CM25,24,T24,R4,1692,2555,3151,8.055475142
CM25,24,T24,R4,2448,2816,2348,7.761319181
CM25,24,T24,R3,2223,2165,46.8,3.845883203
CM25,24,T24,R2,1622,1804,52.8,3.966511191
CM25,24,T24,R2,2505,2007,813,6.70073111
CM25,24,T24,R5,1856,2085,357,5.877735782
CM25,24,T24,R4,2190,3046,3309,8.104401308
CM25,24,T24,R4,2141,2795,3181,8.064950892
CM25,24,T24,R5,2642,2897,57.3,4.048300624
CM25,24,T24,R4,2046,1946,1528,7.33171497
CM25,24,T24,R4,2359,2925,1436,7.26961675
CM25,24,T24,R4,2264,1786,2359,7.765993079
CM25,24,T24,R4,2642,3079,3808,8.244859396
CM25,24,T24,R5,1904,1983,180,5.192956851
CM25,24,T24,R4,2392,3412,4000,8.29404964
CM25,24,T24,R3,1851,1755,42.4,3.747148362
CM25,24,T24,R5,2090,2336,359,5.883322388
CM25,24,T24,R5,1830,2020,55.7,4.019980147
CM25,24,T24,R4,1735,1408,2370,7.770645234
CM25,24,T24,R2,2378,2237,687,6.532334292
CM25,24,T24,R4,2191,2341,1498,7.311886164
CM25,24,T24,R4,2530,2864,1541,7.340186835
CM25,24,T24,R2,2457,2401,895,6.796823718
CM25,24,T24,R4,2041,2385,1339,7.199678346
CM25,24,T24,R2,2604,3182,886,6.786716951
CM25,24,T24,R4,1773,2450,2089,7.644440762
CM25,24,T24,R3,2465,2381,43.7,3.777348102
CM25,24,T24,R4,2464,3383,3417,8.136518252
CM25,24,T24,R4,1567,2539,2682,7.894318064
CM25,24,T24,R2,2247,2215,1110,7.012115294
CM25,24,T24,R5,2313,2705,260,5.560681631
CM25,24,T24,R4,2599,3209,4547,8.422222954
CM25,24,T24,R5,2054,2051,202,5.308267697
CM25,24,T24,R3,2661,2422,52.5,3.96081317
CM25,24,T24,R4,1895,2796,1577,7.363279587
CM25,24,T24,R5,2464,2405,53.2,3.974058396
CM25,24,T24,R4,2347,2789,4398,8.388905171
CM25,24,T24,R4,2367,2099,4428,8.395703294
CM25,24,T24,R4,2556,2634,4861,8.488999457
CM25,24,T24,R4,2826,3597,5035,8.524168805
CM25,24,T24,R4,1924,2182,2056,7.628517627
CM25,24,T24,R4,2492,3008,1875,7.536363938
CM25,24,T24,R4,2204,2710,2661,7.886457271
CM25,24,T24,R5,1697,2292,78,4.356708827
CM25,24,T24,R2,2746,2446,1077,6.981934677
CM25,24,T24,R4,2294,3056,2682,7.894318064
CM25,24,T24,R5,2576,3597,474,6.161207322
CM25,24,T24,R4,2376,2497,2888,7.9683195
CM25,24,T24,R5,2898,4016,254,5.537334267
CM25,24,T24,R2,2515,2030,1197,7.087573706
CM25,24,T24,R4,2215,2374,1814,7.503289631
CM25,24,T24,R4,2358,2462,3010,8.009695358
CM25,24,T24,R2,2045,3537,903,6.805722553
CM25,24,T24,R4,2550,2979,1486,7.303843225
CM25,24,T24,R4,1920,2303,1219,7.105786129
CM25,24,T24,R4,1913,1548,3239,8.083019919
CM25,24,T24,R2,2294,2613,843,6.736966958
CM25,24,T24,R5,2457,2862,318,5.762051383
CM25,24,T24,R2,2781,3143,777,6.65544035
CM25,24,T24,R4,2396,2670,1818,7.505492275
CM25,24,T24,R5,1676,2472,365,5.899897354
CM25,24,T24,R4,2292,2701,2345,7.760040681
CM25,24,T24,R2,1861,2068,768,6.643789733
CM25,24,T24,R5,2362,2154,368,5.908082938
CM25,24,T24,R5,2335,2261,71.3,4.266896327
CM25,24,T24,R4,2276,2937,3628,8.196436811
CM25,24,T24,R4,2492,3122,4143,8.329175442
CM25,24,T24,R4,2217,2719,3603,8.189522111
CM25,24,T24,R4,2172,3067,2067,7.63385356
CM25,24,T24,R4,1596,2498,3128,8.048149102
CM25,24,T24,R5,2487,2210,79.6,4.377014093
CM25,24,T24,R5,2614,2683,73.3,4.294560609
CM25,24,T24,R4,1705,2338,2221,7.705712824
CM25,24,T24,R4,2420,3026,4466,8.404248432
CM25,24,T24,R4,1914,1779,3485,8.156223323
CM25,24,T24,R4,1652,2257,3341,8.114025442
CM25,24,T24,R4,2645,2984,2364,7.768110379
CM25,24,T24,R4,2432,3128,1686,7.430114139
CM25,24,T24,R4,2458,2415,1730,7.455876687
CM25,24,T24,R2,2518,2047,692,6.539585956
CM25,24,T24,R5,2186,2126,108,4.682131227
CM25,24,T24,R4,2446,2174,4137,8.327726166
CM25,24,T24,R3,1991,1582,35.3,3.563882964
CM25,24,T24,R4,2243,2445,2435,7.797702036
CM25,24,T24,R4,2390,2140,3425,8.138856751
CM25,24,T24,R5,1991,2634,67.1,4.206184044
CM25,24,T24,R4,1604,2267,2930,7.982757702
CM25,24,T24,R4,3177,2273,4525,8.417372856
CM25,24,T24,R5,1796,2835,89.3,4.492001488
CM25,24,T24,R2,2147,2553,1072,6.977281342
CM25,24,T24,R4,2297,2307,1345,7.204149292
CM25,24,T24,R2,2145,2311,1055,6.961296046
CM25,24,T24,R4,2715,3883,1659,7.41397029
CM25,24,T24,R2,2405,3229,585,6.371611847
CM25,24,T24,R4,1646,2312,1614,7.386470849
CM25,24,T24,R4,2125,2561,2853,7.956126351
CM25,24,T24,R4,2206,2028,1934,7.567345676
CM25,24,T24,R5,2237,2846,74.9,4.316153891
CM25,24,T24,R4,2228,2185,2996,8.005033345
CM25,24,T24,R4,2457,2615,3544,8.173011312
CM25,24,T24,R5,2637,3235,547,6.304448802
CM25,24,T24,R4,2410,2473,3960,8.283999304
CM25,24,T24,R5,2138,3064,97.6,4.580877493
CM25,24,T24,R4,2789,2856,3838,8.252706677
CM25,24,T24,R4,2692,3064,4729,8.461469043
CM25,24,T24,R5,1521,2136,370,5.913503006
CM25,24,T24,R4,1630,2018,2255,7.720905252
CM25,24,T24,R5,2617,2623,65.4,4.180522258
CM25,24,T24,R4,2663,2691,3957,8.283241441
CM25,24,T24,R4,2462,3165,3793,8.240912542
CM25,24,T24,R2,2346,2797,624,6.436150368
CM25,24,T24,R5,2568,2112,174,5.159055299
CM25,24,T24,R2,2119,2426,848,6.742880636
CM25,24,T24,R4,1944,2422,3258,8.088868789
CM25,24,T24,R4,2349,3195,3501,8.160803921
CM25,24,T24,R5,2289,3309,86.6,4.461299816
CM25,24,T24,R5,2311,2817,76.8,4.34120464
CM25,24,T24,R4,2356,2557,1766,7.476472381
CM25,24,T24,R4,2639,3022,1870,7.53369371
CM25,24,T24,R5,2461,2669,73.8,4.301358732
CM25,24,T24,R3,1975,1802,35.8,3.577947893
CM25,24,T24,R5,1965,2427,74.1,4.305415532
CM25,24,T24,R4,2011,3187,3910,8.271292653
CM25,24,T24,R4,3077,4053,4689,8.452974619
CM25,24,T24,R4,2372,2458,2776,7.928766322
CM25,24,T24,R5,1613,2301,152,5.023880521
CM25,24,T24,R4,2216,2673,2487,7.818832444
CM25,24,T24,R4,2423,1981,3695,8.214735833
CM25,24,T24,R4,2674,3079,4533,8.419139251
CM25,24,T24,R4,2551,2584,2239,7.713784617
CM25,24,T24,R4,2906,2877,3072,8.030084094
CM25,24,T24,R4,2063,1589,1510,7.31986493
CM25,24,T24,R4,2263,2890,1349,7.207118856
CM25,24,T24,R5,1939,2314,54.2,3.992680908
CM25,24,T24,R5,2067,2537,235,5.459585514
CM25,24,T24,R4,1849,2049,2476,7.814399634
CM25,24,T24,R4,2465,2876,2242,7.715123604
CM25,24,T24,R5,2204,1696,254,5.537334267
CM25,24,T24,R4,2047,1677,2204,7.69802917
CM25,24,T24,R2,2480,2948,644,6.467698726
CM25,24,T24,R4,2268,2344,2961,7.993282328
CM25,24,T24,R5,2214,2252,49.3,3.897924081
CM25,24,T24,R5,1820,2467,56.7,4.037774211
CM25,24,T24,R4,2484,3081,3875,8.262300942
CM25,24,T24,R3,2662,2599,48.6,3.883623531
CM25,24,T24,R3,1621,2226,62.1,4.128745989
CM25,24,T24,R3,2673,2138,34,3.526360525
CM25,24,T24,R4,2778,3015,5189,8.554296279
CM25,24,T24,R4,1830,2401,3010,8.009695358
CM25,24,T24,R4,2198,2297,2202,7.697121317
CM25,24,T24,R4,1565,2153,1565,7.355641103
CM25,24,T24,R5,2251,2683,66.6,4.198704578
CM25,24,T24,R5,2164,2589,52.4,3.958906591
CM25,24,T24,R4,3057,4123,5903,8.683215975
CM25,24,T24,R5,2286,1982,147,4.990432587
CM25,24,T24,R5,2076,2755,97.7,4.581901559
CM25,24,T24,R5,2462,3705,94.3,4.54648119
CM25,24,T24,R4,2834,2746,2619,7.870547845
CM25,24,T24,R4,1943,2383,3615,8.192847135
CM25,24,T24,R4,2235,1614,2786,7.932362154
CM25,24,T24,R2,2389,3187,717,6.575075841
CM25,24,T24,R2,2165,2251,1099,7.002155954
CM25,24,T24,R4,2244,2808,3545,8.173293439
CM25,24,T24,R5,1742,2429,68.1,4.220977213
CM25,24,T24,R5,2861,2826,60.7,4.105943698
CM25,24,T24,R2,2539,2653,1093,6.996681488
CM25,24,T24,R4,1671,2095,2722,7.909122183
CM25,24,T24,R5,2182,2026,59.3,4.082609306
CM25,24,T24,R5,2456,3038,87,4.465908119
CM25,24,T24,R4,2260,2095,1605,7.380879036
CM25,24,T24,R5,2398,3143,407,6.008813185
CM25,24,T24,R4,2534,2304,1626,7.39387829
CM25,24,T24,R4,2714,2498,3845,8.254528882
CM25,24,T24,R4,2374,3235,1439,7.271703707
CM25,24,T24,R4,2232,3365,1800,7.495541944
CM25,24,T24,R4,2251,2947,1878,7.53796266
CM25,24,T24,R4,2100,2998,1943,7.571988449
CM25,24,T24,R5,2331,1855,181,5.198497031
CM25,24,T24,R4,2672,3011,4572,8.427706025
CM25,24,T24,R4,2183,2155,3873,8.26178468
CM25,24,T24,R4,1578,2091,1789,7.489412084
CM25,24,T24,R4,3132,3011,5017,8.520587424
CM25,24,T24,R4,2862,4017,5526,8.617219505
CM25,24,T24,R4,2144,2723,1183,7.075808864
CM25,24,T24,R5,2089,2597,162,5.087596335
CM25,24,T24,R5,2130,2418,81.1,4.395682961
CM25,24,T24,R4,2785,3032,4424,8.394799543
CM25,24,T24,R4,2265,2247,3696,8.215006433
CM25,24,T24,R4,2292,2408,1506,7.317212408
CM25,24,T24,R4,1602,1759,1607,7.382124366
CM25,24,T24,R4,2109,2197,1389,7.236339343
CM25,24,T24,R4,2555,3643,4371,8.382747095
CM25,24,T24,R4,2100,2705,1233,7.117205503
CM25,24,T24,R4,2194,2008,3569,8.180040723
CM25,24,T24,R4,1763,2723,3443,8.144098463
CM25,24,T24,R2,2857,2016,918,6.822197391
CM25,24,T24,R4,2113,2211,2140,7.668561108
CM25,24,T24,R4,2569,2975,4713,8.458079927
CM25,24,T24,R5,2075,2733,106,4.663439094
CM25,24,T24,R5,1837,2644,104,4.644390899
CM25,24,T24,R4,1732,1599,2260,7.723120092
CM25,24,T24,R5,1919,2403,136,4.912654886
CM25,24,T24,R2,2547,2561,639,6.459904454
CM25,24,T24,R2,2711,3199,656,6.486160789
CM25,24,T24,R4,2604,3504,4321,8.371242136
CM25,24,T24,R5,2723,2253,248,5.513428746
CM25,24,T24,R2,2297,3141,516,6.246106765
CM25,24,T24,R5,2405,2803,62.3,4.131961426
CM25,24,T24,R4,1975,2039,1604,7.380255788
CM25,24,T24,R4,2197,1507,2103,7.651120176
CM25,24,T24,R4,2807,3436,2429,7.795234929
CM25,24,T24,R4,2262,1590,2094,7.646831391
CM25,24,T24,R4,2680,2965,3701,8.216358332
CM25,24,T24,R5,2854,3624,71.8,4.273884476
CM25,24,T24,R4,2331,2409,3109,8.04205641
CM25,24,T24,R5,2110,2755,79,4.369447852
CM25,24,T24,R5,1638,2691,97.1,4.575741375
CM25,24,T24,R4,2242,2048,1954,7.577633833
CM25,24,T24,R4,1749,2005,3251,8.08671792
CM25,24,T24,R2,2890,2812,1078,6.982862751
CM25,24,T24,R5,2117,2344,81.3,4.398146017
CM25,24,T24,R4,1712,2267,1101,7.003974137
CM25,24,T24,R4,1833,1363,2950,7.989560449
CM25,24,T24,R4,2185,2859,2443,7.800982071
CM25,24,T24,R5,1796,2337,69.7,4.244200318
CM25,24,T24,R4,2806,3317,1888,7.543273347
CM25,24,T24,R5,2426,2785,57.3,4.048300624
CM25,24,T24,R4,1994,2179,3481,8.155074888
CM25,24,T24,R4,2634,3426,3719,8.221210094
CM25,24,T24,R4,2343,3065,4363,8.380915173
CM25,24,T24,R4,3028,2495,3592,8.186464429
CM25,24,T24,R4,2669,1855,3676,8.209580483
CM25,24,T24,R4,2393,2644,2303,7.7419679
CM25,24,T24,R5,2334,2044,50.9,3.929862924
CM25,24,T24,R5,2207,2767,72.8,4.287715955
CM25,24,T24,R3,2522,2272,48.5,3.881563798
CM25,24,T24,R4,1708,1829,1190,7.081708586
CM25,24,T24,R4,2285,2229,4107,8.320448114
CM25,24,T24,R5,1854,1690,60.6,4.104294893
CM25,24,T24,R4,2073,2876,2496,7.822444729
CM25,24,T24,R4,2022,2177,3636,8.198639455
CM25,24,T24,R3,1789,1913,42.5,3.749504076
CM25,24,T24,R4,2548,2490,3921,8.274102002
CM25,24,T24,R4,1967,2692,2000,7.60090246
CM25,24,T24,R5,2412,2628,105,4.65396035
CM25,24,T24,R4,2604,3164,1312,7.17930797
CM25,24,T24,R4,2497,2419,3335,8.112227958
CM25,24,T24,R4,2633,2406,4752,8.466320861
CM25,24,T24,R5,2326,2150,294,5.683579767
CM25,24,T24,R5,2424,3244,203,5.313205979
CM25,24,T24,R4,2527,2668,4022,8.29953457
CM25,24,T24,R5,1538,2005,401,5.993961427
CM25,24,T24,R4,2497,2556,3468,8.151333338
CM25,24,T24,R5,1771,2770,201,5.303304908
CM25,24,T24,R4,2613,2651,3716,8.2204031
CM25,24,T24,R4,1921,1997,3798,8.242229891
CM25,24,T24,R3,2486,2540,30.2,3.407841924
CM25,24,T24,R4,2540,2958,1899,7.549082711
CM25,24,T24,R4,1718,1981,2639,7.878155337
CM25,24,T24,R3,2683,2580,47.9,3.869115504
CM25,24,T24,R4,2056,2463,3437,8.142354277
CM25,24,T24,R4,2349,2642,4037,8.303257121
CM25,24,T24,R4,2863,3643,2488,7.819234454
CM25,24,T24,R4,2230,2643,4155,8.332067707
CM25,24,T24,R3,2045,1946,45.7,3.822098298
CM25,24,T24,R5,1961,3087,354,5.869296913
CM25,24,T24,R5,1526,2176,323,5.777652323
CM25,24,T24,R4,1791,2609,1320,7.185387016
CM25,24,T24,R2,2751,2856,730,6.593044534
CM25,24,T24,R4,1717,2057,1666,7.418180823
CM25,24,T24,R4,2521,2601,4113,8.321907968
CM25,24,T24,R3,2089,1952,44.2,3.788724789
CM25,24,T24,R2,2219,2027,1131,7.030857476
CM25,24,T24,R5,2373,2556,155,5.043425117
CM25,24,T24,R5,1801,2630,125,4.828313737
CM25,24,T24,R4,1922,1572,1838,7.516433303
CM25,24,T24,R4,1777,2094,1606,7.381501895
CM25,24,T24,R5,2626,3225,72.2,4.279440046
CM25,24,T24,R4,2825,3536,3090,8.03592637
CM25,24,T24,R4,2682,2568,1578,7.363913501
CM25,24,T24,R4,2507,2943,3977,8.288283045
CM25,24,T24,R5,2909,2663,353,5.866468057
CM25,24,T24,R4,2220,2785,1945,7.573017256
CM25,24,T24,R4,1997,2816,3244,8.084562415
CM25,24,T24,R3,2559,2010,42.1,3.740047741
CM25,24,T24,R5,2246,3079,90.2,4.502029427
CM25,24,T24,R5,2590,2929,122,4.804021045
CM25,24,T24,R5,1744,1702,334,5.811140993
CM25,24,T24,R4,1518,2294,2650,7.882314919
CM25,24,T24,R4,2367,2355,3829,8.250358951
CM25,24,T24,R4,2405,2613,3821,8.248267447
CM25,24,T24,R5,2219,2377,266,5.583496309
CM25,24,T24,R2,2253,1779,651,6.478509642
CM25,24,T24,R5,2359,2419,84.4,4.435567402
CM25,24,T24,R4,2503,2914,3953,8.282230063
CM25,24,T24,R5,2016,2416,48.1,3.873282177
CM25,24,T24,R2,2607,2482,1005,6.91274282
CM25,24,T24,R5,2118,2090,51.6,3.943521672
CM25,24,T24,R4,2649,2519,4167,8.334951631
CM25,24,T24,R3,2303,1745,39.9,3.686376324
CM25,24,T24,R4,2470,2689,3625,8.195609567
CM25,24,T24,R5,2072,2736,64.2,4.162003211
CM25,24,T24,R2,2115,2278,1071,6.97634807
CM25,24,T24,R4,3085,2254,1657,7.412764017
CM25,24,T24,R2,2886,3330,842,6.735780014
CM25,24,T24,R4,2512,2440,1837,7.515889085
CM25,24,T24,R4,2834,1966,4331,8.373553741
CM25,24,T24,R4,2325,2652,3348,8.116118432
CM25,24,T24,R4,2070,1842,1944,7.572502985
CM25,24,T24,R2,2034,2418,1086,6.9902565
CM25,24,T24,R4,2497,2400,1625,7.393263095
CM25,24,T24,R5,2466,2734,267,5.587248658
CM25,24,T24,R5,2487,3068,72.7,4.286341385
CM25,24,T24,R4,2501,3464,3298,8.101071503
CM25,24,T24,R2,1763,2424,644,6.467698726
CM25,24,T24,R2,2735,2709,707,6.561030666
CM25,24,T24,R3,2581,2151,36.8,3.605497845
CM25,24,T24,R2,2299,2148,633,6.450470422
CM25,24,T24,R4,2966,4071,4032,8.30201781
CM25,24,T24,R4,1557,2458,1214,7.101675972
CM25,24,T24,R3,2133,2164,43.6,3.77505715
CM25,24,T24,R2,2207,2419,521,6.255750042
CM25,24,T24,R4,1951,2508,1856,7.526178913
CM25,24,T24,R4,1974,2269,2287,7.734996194
CM25,24,T24,R4,2444,2234,4714,8.458292083
CM25,24,T24,R3,1787,1905,35.8,3.577947893
CM25,24,T24,R5,2729,3346,370,5.913503006
CM25,24,T24,R4,2376,3019,2840,7.951559331
CM25,24,T24,R4,2168,2860,3942,8.279443488
CM25,24,T24,R4,2050,2368,1523,7.328437353
CM25,24,T24,R5,2000,2505,47,3.850147602
CM25,24,T24,R3,2199,1938,32.8,3.490428515
CM25,24,T24,R2,2713,3551,871,6.769641977
CM25,24,T24,R2,1545,2025,54.2,3.992680908
CM25,24,T24,R4,2047,2317,3190,8.067776196
CM25,24,T24,R5,2617,2900,67,4.204692619
CM25,24,T24,R4,2796,1842,1651,7.409136444
CM25,24,T24,R5,1844,2684,110,4.700480366
CM25,24,T24,R4,2424,2444,4665,8.447843113
CM25,24,T24,R4,2206,1975,3609,8.191186005
CM25,24,T24,R5,3022,2753,255,5.541263545
CM25,24,T24,R2,2606,3373,1112,7.013915475
CM25,24,T24,R2,1532,2240,699,6.549650742
CM25,24,T24,R4,2558,2442,4376,8.383890344
CM25,24,T24,R2,2170,2442,534,6.280395839
CM25,24,T24,R4,2252,2862,2740,7.915713199
CM25,24,T24,R4,2056,3103,1246,7.127693699
CM25,24,T24,R4,2513,2766,3247,8.085486772
CM25,24,T24,R5,1761,2010,41.6,3.728100167
CM25,24,T24,R4,1698,2285,2269,7.727094485
CM25,24,T24,R4,2584,2926,2651,7.882692206
CM25,24,T24,R5,2188,2688,132,4.882801923
CM25,24,T24,R4,2488,2214,3685,8.212025805
CM25,24,T24,R4,2302,2591,1767,7.477038472
CM25,24,T24,R5,2402,2239,70,4.248495242
CM25,24,T24,R4,2498,3463,4296,8.365439636
CM25,24,T24,R5,1840,2522,82.6,4.414009681
CM25,24,T24,R5,2822,3042,81.3,4.398146017
CM25,24,T24,R4,2107,2906,2299,7.740229525
CM25,24,T24,R3,2739,2132,30.4,3.414442608
CM25,24,T24,R4,2225,2653,3785,8.238801166
CM25,24,T24,R5,2349,2721,77.2,4.346399457
CM25,24,T24,R4,2612,2192,1966,7.583756301
CM25,24,T24,R3,2030,1914,35.5,3.569532696
CM25,24,T24,R4,2453,3365,4367,8.381831553
CM25,24,T24,R2,2261,2744,853,6.748759547
CM25,24,T24,R4,2508,2617,3350,8.116715625
CM25,24,T24,R5,1990,2337,59.3,4.082609306
CM25,24,T24,R5,2738,2821,91.6,4.517431272
CM25,24,T24,R5,2201,2788,84.3,4.434381865
CM25,24,T24,R5,2506,2308,57.1,4.044804117
CM25,24,T24,R5,2104,2386,101,4.615120517
CM25,24,T24,R3,2153,2097,38.9,3.660994251
CM25,24,T24,R4,2281,2352,4001,8.294299609
CM25,24,T24,R3,2045,1620,29.3,3.377587516
CM25,24,T24,R5,2905,2745,67,4.204692619
CM25,24,T24,R4,3122,4020,3462,8.149601736
CM25,24,T24,R5,2468,2616,55.1,4.009149716
CM25,24,T24,R4,2093,2025,3393,8.129469765
CM25,24,T24,R2,2984,3229,1269,7.145984468
CM25,24,T24,R5,1770,2116,66.1,4.191168747
CM25,24,T24,R5,1938,2356,68.9,4.232656178
CM25,24,T24,R5,2481,3078,134,4.8978398
CM25,24,T24,R4,1963,2439,1489,7.305860033
CM25,24,T24,R4,2669,2725,4394,8.387995253
CM25,24,T24,R2,2913,3345,909,6.812345094
CM25,24,T24,R5,2061,2311,204,5.318119994
CM25,24,T24,R5,2376,3192,437,6.079933195
CM25,24,T24,R4,2576,3555,4306,8.367764678
CM25,24,T24,R5,2494,2280,206,5.327876169
CM25,24,T24,R4,2648,3555,3598,8.188133415
CM25,24,T24,R4,2309,2043,2222,7.70616297
CM25,24,T24,R4,1622,2394,1911,7.555381944
CM25,24,T24,R4,2143,1919,2409,7.786967003
CM25,24,T24,R4,2348,2242,4305,8.367532417
CM25,24,T24,R2,2523,2168,592,6.383506635
CM25,24,T24,R5,2085,2031,46.5,3.839452313
CM25,24,T24,R4,2279,2221,3402,8.132118773
CM25,24,T24,R4,2026,2410,1972,7.586803535
CM25,24,T24,R5,1631,2564,98.3,4.588024027
CM25,24,T24,R2,1929,1962,1019,6.926577033
CM25,24,T24,R3,2881,2111,27.8,3.325036021
CM25,24,T24,R5,2118,2286,52.5,3.96081317
CM25,24,T24,R4,2397,2700,3234,8.08147504
CM25,24,T24,R4,2383,2145,2836,7.950149888
CM25,24,T24,R4,2401,2781,3724,8.222553638
CM25,24,T24,R4,2741,3432,4344,8.376550862
CM25,24,T24,R2,2226,2675,915,6.818924065
CM25,24,T24,R2,2170,2510,568,6.342121419
CM25,24,T24,R2,2520,3134,791,6.673297968
CM25,24,T24,R5,1742,2386,62.7,4.138361448
CM25,24,T24,R4,2700,2486,2827,7.946971358
CM25,24,T24,R5,2205,2170,433,6.070737728
CM25,24,T24,R4,2979,4415,5196,8.555644378
CM25,24,T24,R5,2230,2768,117,4.762173935
CM25,24,T24,R5,2453,2516,58.8,4.074141855
CM25,24,T24,R4,2766,1820,1721,7.450660796
CM25,24,T24,R3,2271,2480,48.8,3.887730313
CM25,24,T24,R5,2441,2746,116,4.753590191
CM25,24,T24,R5,2970,3400,76.7,4.339901708
CM25,24,T24,R4,2643,3188,4537,8.42002128
CM25,24,T24,R5,2368,2711,149,5.003946306
CM25,24,T24,R4,2377,2843,4385,8.385944905
CM25,24,T24,R2,2778,3388,916,6.820016365
CM25,24,T24,R5,2550,2943,60.7,4.105943698
CM25,24,T24,R5,2262,2155,382,5.945420609
CM25,24,T24,R4,2465,3000,1456,7.283448229
CM25,24,T24,R3,2286,1829,35.4,3.56671182
CM25,24,T24,R2,2156,1844,574,6.352629396
CM25,24,T24,R2,2768,3706,1136,7.035268599
CM25,24,T24,R5,2081,2618,68.3,4.223909767
CM25,24,T24,R3,2333,1907,46.2,3.832979798
CM25,24,T24,R5,2448,1849,58.1,4.062165664
CM25,24,T24,R5,2612,2893,67,4.204692619
CM25,24,T24,R4,2409,2370,3203,8.07184315
CM25,24,T24,R4,2313,2539,1237,7.120444372
CM25,24,T24,R4,2772,3096,2268,7.726653665
CM25,24,T24,R4,2239,2557,1882,7.54009032
CM25,24,T24,R4,1695,2578,2823,7.945555428
CM25,24,T24,R5,2194,2651,56.8,4.039536326
CM25,24,T24,R4,2540,3581,4512,8.414495793
CM25,24,T24,R4,2667,3389,4159,8.33302994
CM25,24,T24,R5,1956,3119,433,6.070737728
CM25,24,T24,R4,2790,3580,5105,8.537975731
CM25,24,T24,R4,1790,2388,3219,8.076826031
CM25,24,T24,R4,2166,2947,1534,7.335633982
CM25,24,T24,R4,2230,2054,2625,7.872836175
CM25,24,T24,R2,2643,1814,691,6.538139824
CM25,24,T24,R4,2637,3745,3902,8.269244521
CM25,24,T24,R5,2515,2623,62.1,4.128745989
CM25,24,T24,R2,2220,2496,1087,6.991176887
CM25,24,T24,R5,2176,1687,340,5.828945618
CM25,24,T24,R4,2277,1602,3345,8.115221973
CM25,24,T24,R4,2400,1960,1370,7.222566019
CM25,24,T24,R4,3282,2965,3121,8.045908742
CM25,24,T24,R4,2662,2353,4240,8.352318548
CM25,24,T24,R4,2017,2600,3239,8.083019919
CM25,24,T24,R4,2667,2580,1857,7.526717561
CM25,24,T24,R5,2740,3465,407,6.008813185
CM25,24,T24,R4,2221,2081,2528,7.835183755
CM25,24,T24,R4,2288,3139,1977,7.589335823
CM25,24,T24,R4,1787,2424,3373,8.123557835
CM25,24,T24,R5,2380,2120,53.3,3.975936331
CM25,24,T24,R5,2454,2766,416,6.03068526
CM25,24,T24,R4,2866,3447,1629,7.395721609
CM25,24,T24,R4,2457,2387,3219,8.076826031
CM25,24,T24,R5,2154,2708,147,4.990432587
CM25,24,T24,R4,1938,2871,3790,8.240121298
CM25,24,T24,R4,2071,1912,3809,8.245121966
CM25,24,T24,R5,2618,3541,109,4.691347882
CM25,24,T24,R4,2435,3338,4057,8.308199063
CM25,24,T24,R4,1647,2562,3170,8.061486867
CM25,24,T24,R4,2798,3563,4377,8.384118837
CM25,24,T24,R4,1632,2197,2412,7.788211558
CM25,24,T24,R5,2285,3419,348,5.85220248
CM25,24,T24,R4,2595,3214,4620,8.438149984
CM25,24,T24,R2,1932,1858,1103,7.005789019
CM25,24,T24,R4,2200,2009,3974,8.287528423
CM25,24,T24,R4,2550,3110,2089,7.644440762
CM25,24,T24,R5,2481,3371,94.6,4.549657476
CM25,24,T24,R3,2094,1638,32.7,3.487375078
CM25,24,T24,R5,3054,3582,192,5.257495372
CM25,24,T24,R4,2694,3123,1620,7.390181428
CM25,24,T24,R4,2562,3798,4488,8.409162447
CM25,24,T24,R5,2148,3032,87.8,4.475061501
CM25,24,T24,R4,1996,2760,1477,7.297768283
CM25,24,T24,R4,2693,2701,4121,8.323851131
CM25,24,T24,R4,2333,1592,3475,8.153349758
CM25,24,T24,R5,2503,3467,302,5.710427017
CM25,24,T24,R3,2679,1912,34.9,3.552486829
CM25,24,T24,R3,2908,2185,36,3.583518938
CM25,24,T24,R5,2119,2237,57.4,4.050044303
CM25,24,T24,R4,2566,2139,2033,7.617267814
CM25,24,T24,R4,2339,3038,1747,7.46565531
CM25,24,T24,R4,2414,3362,4028,8.301025254
CM25,24,T24,R4,2645,2822,2865,7.960323629
CM25,24,T24,R4,3121,3785,5029,8.522976436
CM25,24,T24,R4,2702,3070,4420,8.393894975
CM25,24,T24,R4,2033,2884,2032,7.616775809
CM25,24,T24,R4,1843,1850,1877,7.537430037
CM25,24,T24,R4,2050,2583,3355,8.118207049
CM25,24,T24,R5,2033,2285,95.6,4.56017282
CM25,24,T24,R2,2251,1756,712,6.568077911
CM25,24,T24,R2,3008,3526,1094,6.997595983
CM25,24,T24,R5,2351,2715,53.2,3.974058396
CM25,24,T24,R5,2291,2839,91,4.510859507
CM25,24,T24,R4,2343,2945,4301,8.366602833
CM25,24,T24,R4,2557,2867,3814,8.246433786
CM25,24,T24,R5,2324,2233,128,4.852030264
CM25,24,T24,R5,2627,2950,69.9,4.247065649
CM25,24,T24,R5,2537,2501,69.6,4.242764567
CM25,24,T24,R5,2351,2511,60.6,4.104294893
CM25,24,T24,R4,2849,3103,3362,8.120291314
CM25,24,T24,R5,2556,2697,82.8,4.416428061
CM25,24,T24,R4,2531,2829,3338,8.113127104
CM25,24,T24,R4,2438,3280,3289,8.098338846
CM25,24,T24,R5,2708,2666,60.4,4.100989105
CM25,24,T24,R2,2812,2163,1113,7.014814351
CM25,24,T24,R2,3126,2276,1215,7.102499356
CM25,24,T24,R4,2196,2298,1630,7.396335294
CM25,24,T24,R4,2329,2018,2807,7.939871576
CM25,24,T24,R2,2438,1640,594,6.386879319
CM25,24,T24,R5,2593,2628,62.1,4.128745989
CM25,24,T24,R3,3026,2157,43.1,3.763522997
CM25,24,T24,R5,2080,1988,65,4.17438727
CM25,24,T24,R5,2611,2741,60.2,4.097672352
CM25,24,T24,R5,2475,1648,276,5.620400866
CM25,24,T24,R5,1719,2206,47.9,3.869115504
CM25,24,T24,R2,1913,1903,482,6.177944114
CM25,24,T24,R3,2667,2286,54,3.988984047
CM25,24,T24,R5,2453,3052,344,5.840641657
CM25,24,T24,R3,2197,2049,40.8,3.708682081
CM25,24,T24,R3,2076,1865,38.9,3.660994251
CM25,24,T24,R5,2690,3253,97,4.574710979
CM25,24,T24,R2,2117,2709,668,6.504288174
CM25,24,T24,R4,2474,3166,4313,8.369388997
CM25,24,T24,R4,2424,2197,1783,7.486052618
CM25,24,T24,R2,1572,1648,24.8,3.210843653
CM25,24,T24,R2,2439,2953,961,6.867974409
CM25,24,T24,R4,2340,1889,3814,8.246433786
CM25,24,T24,R2,2341,2799,591,6.381816017
CM25,24,T24,R3,2986,2120,51.8,3.947390149
CM25,24,T24,R4,2861,3638,1796,7.493317249
CM25,24,T24,R5,1970,1982,46.7,3.843744165
CM25,24,T24,R4,2470,2643,2303,7.7419679
CM25,24,T24,R5,1995,2324,65.6,4.183575696
CM25,24,T24,R4,2185,2095,3837,8.25244609
CM25,24,T24,R4,2323,1975,4164,8.33423143
CM25,24,T24,R4,2332,3111,2295,7.738488122
CM25,24,T24,R5,2487,2993,68.9,4.232656178
CM25,24,T24,R4,2647,2151,4757,8.467372496
CM25,24,T24,R5,2596,2864,69.6,4.242764567
CM25,24,T24,R2,3202,3596,1007,6.914730893
CM25,24,T24,R4,2264,2318,4134,8.32700074
CM25,24,T24,R4,2749,3646,4942,8.505525387
CM25,24,T24,R4,2396,2424,2112,7.655390645
CM25,24,T24,R2,1689,2672,545,6.300785795
CM25,24,T24,R4,2574,1932,4080,8.313852267
CM25,24,T24,R5,2480,2891,109,4.691347882
CM25,24,T24,R4,2079,2575,1562,7.35372233
CM25,24,T24,R4,2707,2095,4028,8.301025254
CM25,24,T24,R5,2135,2496,426,6.054439346
CM25,24,T24,R4,2194,2470,3692,8.213923596
CM25,24,T24,R2,2722,2835,1013,6.920671504
CM25,24,T24,R4,2425,3057,4211,8.345455428
CM25,24,T24,R5,2048,2611,69,4.234106505
CM25,24,T24,R4,2801,3282,3884,8.264620829
CM25,24,T24,R5,1604,1836,425,6.052089169
CM25,24,T24,R5,2018,1959,50.1,3.914021008
CM25,24,T24,R4,2433,2911,2033,7.617267814
CM25,24,T24,R4,2601,1804,4028,8.301025254
CM25,24,T24,R4,2279,2564,1395,7.240649694
CM25,24,T24,R4,2394,2908,3664,8.206310726
CM25,24,T24,R5,2157,2448,53.9,3.987130478
CM25,24,T24,R5,2020,1700,458,6.126869184
CM25,24,T24,R4,2468,2590,4509,8.413830678
CM25,24,T24,R5,2764,3242,71.4,4.268297869
CM25,24,T24,R4,2019,2024,3513,8.164225652
CM25,24,T24,R4,2738,2754,2958,7.992268643
CM25,24,T24,R4,3207,4351,3570,8.180320875
CM25,24,T24,R4,2262,2187,4003,8.294799359
CM25,24,T24,R5,2837,3619,73.9,4.302712828
CM25,24,T24,R5,2881,3065,64,4.158883083
CM25,24,T24,R2,1863,2446,623,6.434546519
CM25,24,T24,R5,1826,2200,96.1,4.565389316
CM25,24,T24,R2,3126,3533,1184,7.076653815
CM25,24,T24,R4,2250,2132,3366,8.121480375
CM25,24,T24,R5,2816,3175,81.5,4.40060302
CM25,24,T24,R3,2352,2261,39.3,3.671224519
CM25,24,T24,R5,2626,2896,396,5.981414211
CM25,24,T24,R5,2095,2517,318,5.762051383
CM25,24,T24,R2,2349,2633,717,6.575075841
CM25,24,T24,R4,2354,2349,2655,7.884199934
CM25,24,T24,R4,2061,1895,1984,7.592870288
CM25,24,T24,R4,2437,2580,3606,8.190354404
CM25,24,T24,R5,2821,2771,283,5.645446898
CM25,24,T24,R4,2798,3048,4804,8.477204183
CM25,24,T24,R5,2418,3475,90.3,4.50313746
CM25,24,T24,R4,2739,3197,4893,8.495560891
CM25,24,T24,R4,2337,2404,4262,8.357493813
CM25,24,T24,R4,3131,3756,5157,8.548110294
CM25,24,T24,R4,2124,2269,2842,7.952263309
CM25,24,T24,R4,1747,1700,3078,8.032035314
CM25,24,T24,R4,2238,2358,2559,7.847371836
CM25,24,T24,R2,3399,2526,4286,8.363109176
CM25,24,T24,R4,3173,5153,5798,8.665268309
CM25,24,T24,R4,2588,2850,4395,8.38822281
CM25,24,T24,R5,2291,2478,70.7,4.258445573
CM25,24,T24,R4,2668,2115,4890,8.494947582
CM25,24,T24,R5,2005,2519,174,5.159055299
CM25,24,T24,R5,2176,2261,48,3.871201011
CM25,24,T24,R4,2036,1596,2748,7.918628653
CM25,24,T24,R4,2867,2153,4695,8.454253392
CM25,24,T24,R5,1894,1922,70.1,4.249922794
CM25,24,T24,R4,2428,2855,1415,7.25488481
CM25,24,T24,R4,2864,3397,4722,8.459987718
CM25,24,T24,R5,2330,3366,77.6,4.351567427
CM25,24,T24,R5,2335,2554,112,4.718498871
CM25,24,T24,R5,2396,2195,67.1,4.206184044
CM25,24,T24,R4,2597,3157,3126,8.047509511
CM25,24,T24,R4,1905,2178,2915,7.977625099
CM25,24,T24,R5,2789,3850,106,4.663439094
CM25,24,T24,R2,2294,2675,988,6.895682698
CM25,24,T24,R5,2389,1772,263,5.572154032
CM25,24,T24,R4,2049,2267,2450,7.803843304
CM25,24,T24,R2,1695,2520,897,6.799055862
CM25,24,T24,R4,2755,2314,2671,7.890208213
CM25,24,T24,R5,1641,2379,229,5.433722004
CM25,24,T24,R4,2796,3162,4293,8.364741068
CM25,24,T24,R2,2562,2840,715,6.572282543
CM25,24,T24,R4,2752,3333,2557,7.846589975
CM25,24,T24,R4,2588,4115,4986,8.514389264
CM25,24,T24,R4,2277,2330,2892,7.969703583
CM25,24,T24,R4,1644,1854,2738,7.914983006
CM25,24,T24,R4,2532,2383,3537,8.171034189
CM25,24,T24,R4,2605,2194,4628,8.439880088
CM25,24,T24,R5,2373,2579,74.5,4.310799125
CM25,24,T24,R5,1885,2893,75.7,4.32677816
CM25,24,T24,R4,1689,2009,2228,7.708859601
CM25,24,T24,R5,2476,2803,54.2,3.992680908
CM25,24,T24,R3,2269,1974,35.5,3.569532696
CM25,24,T24,R5,2154,3149,197,5.283203729
CM25,24,T24,R4,2909,3299,5386,8.591558273
CM25,24,T24,R5,2484,2443,161,5.081404365
CM25,24,T24,R5,3117,2790,65.4,4.180522258
CM25,24,T24,R3,3166,2591,45.5,3.817712326
CM25,24,T24,R5,2420,2506,84,4.430816799
CM25,24,T24,R5,2387,2885,76.4,4.335982696
CM25,24,T24,R5,3082,2886,73.4,4.295923936
CM25,24,T24,R4,2471,2742,4085,8.315077007
CM25,24,T24,R4,3224,2914,1672,7.421775794
CM25,24,T24,R4,2283,3200,4127,8.32530603
CM25,24,T24,R4,1568,2272,2923,7.980365765
CM25,24,T24,R4,2661,2923,4145,8.329658068
CM25,24,T24,R4,2702,3191,1414,7.254177846
CM25,24,T24,R2,1984,2593,890,6.791221463